URL,Category,Mentioned Places,heatwave,heat wave,heat  wave,heat  action  plan,heat  health,heat early warning system,heat-health action plan,heat-health warning  systems,extreme heat management,heat wave management,public health heat wave alert
URL,Other,,,,,,,,,,,,
"https://upload.wikimedia.org/wikipedia/commons/e/ea/Heat_Wave.jpg&amp;imgrefurl=https://en.wikipedia.org/wiki/Heat_wave&amp;h=406&amp;w=741&amp;tbnid=8wzWpxKWRfFzzM&amp;q=heat+wave&amp;tbnh=166&amp;tbnw=303&amp;usg=AI4_-kQk3SsdOeB8jpQhGX702lEhXwTfkQ&amp;vet=1&amp;docid=WFUrgbKWmThZeM&amp;itg=1&amp;sa=X&amp;ved=2ahUKEwifndOr0NSBAxXQrZUCHegXCwsQ9QF6BAgIEAQ""",News Source,,,,,,,,,,,,
"https://d2jx2rerrg6sh3.cloudfront.net/images/Article_Images/ImageForArticle_22823_16576228179945815.jpg&amp;imgrefurl=https://www.news-medical.net/health/What-are-the-Health-Implications-of-Heat-Waves.aspx&amp;h=563&amp;w=1000&amp;tbnid=9hVjh-Ys8nqAxM&amp;q=heat+wave&amp;tbnh=84&amp;tbnw=149&amp;usg=AI4_-kR-hNQOIY1MYI6vDhgCiPEpSzHR6A&amp;vet=1&amp;docid=duEDtES-8YPBaM&amp;sa=X&amp;ved=2ahUKEwifndOr0NSBAxXQrZUCHegXCwsQ9QF6BAgIEAY""",News Source,,,,,,,,,,,,
"https://thumbs.dreamstime.com/b/heat-wave-concept-heat-wave-concept-showing-glowing-yellow-sky-thermometer-192688223.jpg&amp;imgrefurl=https://www.dreamstime.com/photos-images/heat-wave.html&amp;h=534&amp;w=800&amp;tbnid=_DWByhelxhKtSM&amp;q=heat+wave&amp;tbnh=95&amp;tbnw=143&amp;usg=AI4_-kScF3f7NUZ8WQvVNQj_oo_aRICeWA&amp;vet=1&amp;docid=D_j75QTk1v4nBM&amp;sa=X&amp;ved=2ahUKEwifndOr0NSBAxXQrZUCHegXCwsQ9QF6BAgIEAg""",Other,,,,,,,,,,,,
"https://cdn.abcotvs.com/dip/images/5343664_061219-cc-accuwx-heat-wave-formation-vid.jpg?w%3D1600&amp;imgrefurl=https://abc7chicago.com/what-is-a-heat-wave-how-does-form-severe-weather-california/5343678/&amp;h=900&amp;w=1600&amp;tbnid=22ctqHBvxB1DvM&amp;q=heat+wave&amp;tbnh=84&amp;tbnw=150&amp;usg=AI4_-kR1VxGfXP1lcU0-rIL1ZAnmz2OH6w&amp;vet=1&amp;docid=Ax9tG6GkM0b95M&amp;sa=X&amp;ved=2ahUKEwifndOr0NSBAxXQrZUCHegXCwsQ9QF6BAgIEAo""",Other,None,0,0,0,0,0,0,0,0,0,0,0
"https://en.wikipedia.org/wiki/Heat_wave&amp;sa=U&amp;ved=2ahUKEwifndOr0NSBAxXQrZUCHegXCwsQmhN6BAgIEA4&amp;usg=AOvVaw0Zl_M4KVQxtTY4huwBjap-""",Non Governmental Organization,,,,,,,,,,,,
"https://en.wikipedia.org/wiki/Heat_wave&amp;sa=U&amp;ved=2ahUKEwifndOr0NSBAxXQrZUCHegXCwsQFnoECAoQAg&amp;usg=AOvVaw2QvBUZmOjpGa5pVj3Y2lfH""",Non Governmental Organization,,,,,,,,,,,,
"https://en.wikipedia.org/wiki/Heat_wave%23Definitions&amp;sa=U&amp;ved=2ahUKEwifndOr0NSBAxXQrZUCHegXCwsQ0gJ6BAgKEAU&amp;usg=AOvVaw2-d6JISuJv7FiaIKRnTxqB""",Government,"Australia, Belgium, Bermuda, Canada, China, Denmark, Spain, France, United Kingdom, Greece, Indonesia, Ireland, Israel, India, Iran, Japan, Luxembourg, Malawi, Mexico, Netherlands, Oman, Pakistan, Portugal, Sweden, United States, South Africa",1,1,0,0,0,0,0,0,0,0,0
"https://en.wikipedia.org/wiki/Heat_wave%23Causes&amp;sa=U&amp;ved=2ahUKEwifndOr0NSBAxXQrZUCHegXCwsQ0gJ6BAgKEAY&amp;usg=AOvVaw0hA_kzKimtSIS8weSR5EFm""",Government,"Australia, Belgium, Bermuda, Canada, China, Denmark, Spain, France, United Kingdom, Greece, Indonesia, Ireland, Israel, India, Iran, Japan, Luxembourg, Malawi, Mexico, Netherlands, Oman, Pakistan, Portugal, Sweden, United States, South Africa",1,1,0,0,0,0,0,0,0,0,0
"https://en.wikipedia.org/wiki/Heat_wave%23Impacts_on_human_health&amp;sa=U&amp;ved=2ahUKEwifndOr0NSBAxXQrZUCHegXCwsQ0gJ6BAgKEAc&amp;usg=AOvVaw2FlAbveXvJtCjRkBbjMVLh""",Government,"Australia, Belgium, Bermuda, Canada, China, Denmark, Spain, France, United Kingdom, Greece, Indonesia, Ireland, Israel, India, Iran, Japan, Luxembourg, Malawi, Mexico, Netherlands, Oman, Pakistan, Portugal, Sweden, United States, South Africa",1,1,0,0,0,0,0,0,0,0,0
"https://en.wikipedia.org/wiki/Heat_wave%23Other_impacts&amp;sa=U&amp;ved=2ahUKEwifndOr0NSBAxXQrZUCHegXCwsQ0gJ6BAgKEAg&amp;usg=AOvVaw334Z6ts7_OOgnIOKCjBB_s""",Government,"Australia, Belgium, Bermuda, Canada, China, Denmark, Spain, France, United Kingdom, Greece, Indonesia, Ireland, Israel, India, Iran, Japan, Luxembourg, Malawi, Mexico, Netherlands, Oman, Pakistan, Portugal, Sweden, United States, South Africa",1,1,0,0,0,0,0,0,0,0,0
"https://www.ifrc.org/sites/default/files/2021-06/10-HEAT-WAVE-HR.pdf&amp;sa=U&amp;ved=2ahUKEwifndOr0NSBAxXQrZUCHegXCwsQFnoECAwQAg&amp;usg=AOvVaw3betj77KNIYGuIjV2pBTR1""",Non Governmental Organization,,,,,,,,,,,,
"https://www.unicef.org/parenting/heat-wave-safety-tips&amp;sa=U&amp;ved=2ahUKEwifndOr0NSBAxXQrZUCHegXCwsQFnoECAsQAg&amp;usg=AOvVaw33gxqVoHZQvkRDHG-zmeoa""",Non Governmental Organization,,,,,,,,,,,,
"https://www.ifrc.org/our-work/disasters-climate-and-crises/what-disaster/heat-waves&amp;sa=U&amp;ved=2ahUKEwifndOr0NSBAxXQrZUCHegXCwsQFnoECAQQAg&amp;usg=AOvVaw3uTX7D5RZKxiNb5PD2lLSj""",Non Governmental Organization,,,,,,,,,,,,
"https://www.weather.gov/safety/heat-during&amp;sa=U&amp;ved=2ahUKEwifndOr0NSBAxXQrZUCHegXCwsQFnoECAUQAg&amp;usg=AOvVaw3BjC7Y4Xcutoj2xQgp4Xrh""",Government,"Canada, United States",0,1,0,0,0,0,0,0,0,0,0
"https://www.britannica.com/science/heat-wave-meteorology&amp;sa=U&amp;ved=2ahUKEwifndOr0NSBAxXQrZUCHegXCwsQFnoECAcQAg&amp;usg=AOvVaw3_0VyLlIXHsAQYN13YPFLM""",Other,,,,,,,,,,,,
"https://www.worldweatherattribution.org/extreme-heat-in-north-america-europe-and-china-in-july-2023-made-much-more-likely-by-climate-change/&amp;sa=U&amp;ved=2ahUKEwifndOr0NSBAxXQrZUCHegXCwsQFnoECAYQAg&amp;usg=AOvVaw0ZZ5qQhqLGVL2bp7cBOfgx""",Non Governmental Organization,,,,,,,,,,,,
"https://www.who.int/india/heat-waves&amp;sa=U&amp;ved=2ahUKEwifndOr0NSBAxXQrZUCHegXCwsQFnoECAMQAg&amp;usg=AOvVaw1JhVHmHSFQ3DFJmp9SsR2G""",Other,,,,,,,,,,,,
"https://www.who.int/publications-detail-redirect/9789289010948&amp;sa=U&amp;ved=2ahUKEwifndOr0NSBAxXQrZUCHegXCwsQFnoECAkQAg&amp;usg=AOvVaw00umhVWG4AEA5xFlANIkS2""",Other,,,,,,,,,,,,
"https://internal.imd.gov.in/section/nhac/dynamic/FAQ_heat_wave.pdf&amp;sa=U&amp;ved=2ahUKEwifndOr0NSBAxXQrZUCHegXCwsQFnoECA0QAg&amp;usg=AOvVaw0lImOIGbplXA88Pm040zD_""",Government,,,,,,,,,,,,
https://www.weather.gov/safety/heat-during\x26amp;sa\x3dU\x26amp;ved\x3d2ahUKEwifndOr0NSBAxXQrZUCHegXCwsQFnoECAEQBg\x26amp;usg\x3dAOvVaw2X10ThLgYs723WpPU_k7fJ\x22,Government,None,0,0,0,0,0,0,0,0,0,0,0
https://www.vox.com/22538401/texas-heat-wave-weather-definition-record-temperature-climate-change\x26amp;sa\x3dU\x26amp;ved\x3d2ahUKEwifndOr0NSBAxXQrZUCHegXCwsQFnoECAEQDQ\x26amp;usg\x3dAOvVaw24mF7Cbc5JVPYmwBw6C6-3\x22,Government,"Antarctica, Mexico, United States",0,1,0,0,0,0,0,0,0,0,0
https://www.redcross.ca/how-we-help/emergencies-and-disasters-in-canada/types-of-emergencies/heat-waves\x26amp;sa\x3dU\x26amp;ved\x3d2ahUKEwifndOr0NSBAxXQrZUCHegXCwsQFnoECAEQFA\x26amp;usg\x3dAOvVaw0-QW4iWGaMQzV3OLTuYE68\x22,Other,,,,,,,,,,,,
"https://heatactionplatform.onebillionresilient.org/wp-content/uploads/sites/5/2023/07/heat-action-plan-re@2x-100.jpg?sa=X&amp;ved=2ahUKEwilo6Ws0NSBAxWmppUCHTq7Dd0Q_B16BAgJEAI""",Non Governmental Organization,Iraq,0,0,0,0,0,0,0,0,0,0,0
"https://heatactionplatform.onebillionresilient.org/modules/create-a-heat-action-plan/&amp;sa=U&amp;ved=2ahUKEwilo6Ws0NSBAxWmppUCHTq7Dd0QFnoECAkQBQ&amp;usg=AOvVaw0gKEoJO-HbOz_YLCcLQ2-h""",Non Governmental Organization,,,,,,,,,,,,
"https://www.who.int/publications-detail-redirect/9789289071918&amp;sa=U&amp;ved=2ahUKEwilo6Ws0NSBAxWmppUCHTq7Dd0QFnoECAAQAg&amp;usg=AOvVaw0Uv0TYRzYMIcCV3PQ5B9nD""",Other,,,,,,,,,,,,
"https://ghhin.org/heat-action-plans-and-case-studies/&amp;sa=U&amp;ved=2ahUKEwilo6Ws0NSBAxWmppUCHTq7Dd0QFnoECAIQAg&amp;usg=AOvVaw1FQTnWgfgAot47oGyV2NHf""",Non Governmental Organization,,,,,,,,,,,,
"https://www.who.int/europe/activities/planning-heat-health-action&amp;sa=U&amp;ved=2ahUKEwilo6Ws0NSBAxWmppUCHTq7Dd0QFnoECAYQAg&amp;usg=AOvVaw2MPan3YzjmlJscmxear515""",Other,,,,,,,,,,,,
"https://thewire.in/environment/heat-action-plans-explained&amp;sa=U&amp;ved=2ahUKEwilo6Ws0NSBAxWmppUCHTq7Dd0QFnoECAQQAg&amp;usg=AOvVaw0TPEjvvQKx30ukAtWxDt6f""",Other,,,,,,,,,,,,
"https://ndma.gov.in/sites/default/files/IEC/Booklets/HeatWave%2520A5%2520BOOK%2520Final.pdf&amp;sa=U&amp;ved=2ahUKEwilo6Ws0NSBAxWmppUCHTq7Dd0QFnoECAcQAg&amp;usg=AOvVaw2IisrjtxdK0VUHGmQhI9Ba""",Government,,,,,,,,,,,,
"https://www.nrdc.org/sites/default/files/ahmedabad-heat-action-plan-2018.pdf&amp;sa=U&amp;ved=2ahUKEwilo6Ws0NSBAxWmppUCHTq7Dd0QFnoECAEQAg&amp;usg=AOvVaw2lQma_mZi-4XAaKn3vN4_L""",Non Governmental Organization,,,,,,,,,,,,
"https://resources.ca.gov/-/media/CNRA-Website/Files/Initiatives/Climate-Resilience/2022-Final-Extreme-Heat-Action-Plan.pdf&amp;sa=U&amp;ved=2ahUKEwilo6Ws0NSBAxWmppUCHTq7Dd0QFnoECAUQAg&amp;usg=AOvVaw0A8l5VP6rRXoapxFR664ry""",Government,,,,,,,,,,,,
"https://www.nrdc.org/sites/default/files/ahmedabad-heat-action-plan-2016.pdf&amp;sa=U&amp;ved=2ahUKEwilo6Ws0NSBAxWmppUCHTq7Dd0QFnoECAMQAg&amp;usg=AOvVaw11kHNJEMvs0ZWibtDNIfYp""",Non Governmental Organization,,,,,,,,,,,,
https://encrypted-tbn0.gstatic.com/images?q\x3dtbn:ANd9GcQ5-b-0-y6xhaDVyW3bayannWearhVUrxpktmrSIXwoPnvM1_dtdJyfEioaaA\x26s';var,Other,,,,,,,,,,,,
https://idronline.org/article/climate-emergency/can-indias-heat-action-plans-cope-with-the-heat/\x26amp;sa\x3dU\x26amp;ved\x3d2ahUKEwilo6Ws0NSBAxWmppUCHTq7Dd0QFnoECAwQBg\x26amp;usg\x3dAOvVaw3ky8S_HAnwOWHY-AxaFBwU\x22,Non Governmental Organization,,,,,,,,,,,,
https://www.ready.gov/heat\x26amp;sa\x3dU\x26amp;ved\x3d2ahUKEwilo6Ws0NSBAxWmppUCHTq7Dd0QFnoECAwQDQ\x26amp;usg\x3dAOvVaw01IDVplQ0RxNHUPJNa4yGu\x22,Government,,,,,,,,,,,,
https://www.c40.org/case-studies/cities100-athens-heatwave-action-plan-protects-vulnerable-residents/\x26amp;sa\x3dU\x26amp;ved\x3d2ahUKEwilo6Ws0NSBAxWmppUCHTq7Dd0QFnoECAwQFA\x26amp;usg\x3dAOvVaw1YSdwkYLmNS-LOb0Rs2P6D\x22,Non Governmental Organization,,,,,,,,,,,,
https://heatalert.org.uk/alert-levels/\x26amp;sa\x3dU\x26amp;ved\x3d2ahUKEwilo6Ws0NSBAxWmppUCHTq7Dd0QFnoECAwQGw\x26amp;usg\x3dAOvVaw052PgKqZ-1dh2hBY6Dd2O7\x22,Non Governmental Organization,,,,,,,,,,,,
"https://www.who.int/news-room/fact-sheets/detail/climate-change-heat-and-health&amp;sa=U&amp;ved=2ahUKEwjxppWt0NSBAxX3p5UCHY8ZAi4QFnoECAEQAg&amp;usg=AOvVaw33CI4Oj3bRlsoQDwEsVwYi""",News Source,,,,,,,,,,,,
"https://www.heat.gov/&amp;sa=U&amp;ved=2ahUKEwjxppWt0NSBAxX3p5UCHY8ZAi4QFnoECAkQAg&amp;usg=AOvVaw2Nksp4k2K-s42DMeuSNkhE""",Government,None,0,0,0,0,0,0,0,0,0,0,0
"https://www.samhsa.gov/blog/heat-health-awareness-why-its-important-persons-substance-use-disorders-mental-health&amp;sa=U&amp;ved=2ahUKEwjxppWt0NSBAxX3p5UCHY8ZAi4QFnoECAoQAg&amp;usg=AOvVaw0RSCzEBZ9tjg-pc3L8Yb90""",Government,,,,,,,,,,,,
"https://www.cdc.gov/disasters/extremeheat/warning.html&amp;sa=U&amp;ved=2ahUKEwjxppWt0NSBAxX3p5UCHY8ZAi4QFnoECAUQAg&amp;usg=AOvVaw0nsxOHwKNIJ1HIugC0WVGr""",Government,,,,,,,,,,,,
"https://ghhin.org/heat-and-health/&amp;sa=U&amp;ved=2ahUKEwjxppWt0NSBAxX3p5UCHY8ZAi4QFnoECAYQAg&amp;usg=AOvVaw2bt5nbidZ8V1wknG5JSWm9""",Non Governmental Organization,,,,,,,,,,,,
"https://www.betterhealth.vic.gov.au/health/healthyliving/how-to-cope-and-stay-safe-in-extreme-heat&amp;sa=U&amp;ved=2ahUKEwjxppWt0NSBAxX3p5UCHY8ZAi4QFnoECAAQAg&amp;usg=AOvVaw32hCD9bPcjVYsHfedj4ANi""",Government,,,,,,,,,,,,
"https://www.thelancet.com/article/s0140-6736(21)01208-3/fulltext&amp;sa=U&amp;ved=2ahUKEwjxppWt0NSBAxX3p5UCHY8ZAi4QFnoECAQQAg&amp;usg=AOvVaw1lePuhSpieWQabVGsWcUN_""",Other,,,,,,,,,,,,
"https://ghhin.org/&amp;sa=U&amp;ved=2ahUKEwjxppWt0NSBAxX3p5UCHY8ZAi4QFnoECAcQAg&amp;usg=AOvVaw0uPn96oH1lXufozn6NOpuS""",Non Governmental Organization,,,,,,,,,,,,
"https://www.betterhealth.vic.gov.au/campaigns/survive-heat&amp;sa=U&amp;ved=2ahUKEwjxppWt0NSBAxX3p5UCHY8ZAi4QFnoECAgQAg&amp;usg=AOvVaw2N0X_CxY2XuRS4TX3A9EJ6""",Government,,,,,,,,,,,,
https://www.dir.ca.gov/dosh/etools/08-006/whatis.htm\x26amp;sa\x3dU\x26amp;ved\x3d2ahUKEwjxppWt0NSBAxX3p5UCHY8ZAi4QFnoECAIQBg\x26amp;usg\x3dAOvVaw27FJIqBlkTFeRK7rFhmMFW\x22,Government,None,0,0,0,0,0,0,0,0,0,0,0
https://www.cdc.gov/disasters/extremeheat/warning.html\x26amp;sa\x3dU\x26amp;ved\x3d2ahUKEwjxppWt0NSBAxX3p5UCHY8ZAi4QFnoECAIQDQ\x26amp;usg\x3dAOvVaw3O8Eha0RFDxs_kXDtedhnf\x22,Government,None,0,0,0,0,0,0,0,0,0,0,0
https://www.cdc.gov/disasters/extremeheat/warning.html\x26amp;sa\x3dU\x26amp;ved\x3d2ahUKEwjxppWt0NSBAxX3p5UCHY8ZAi4QlqUEegQIAhAO\x26amp;usg\x3dAOvVaw04kY9H_f01llndJWhWKDpJ\x22,Government,None,0,0,0,0,0,0,0,0,0,0,0
https://www.cdc.gov/disasters/extremeheat/warning.html\x26amp;sa\x3dU\x26amp;ved\x3d2ahUKEwjxppWt0NSBAxX3p5UCHY8ZAi4QMHoECAIQDw\x26amp;usg\x3dAOvVaw3fU8udt6kDxT2FubmWaQn6\x22,Government,None,0,0,0,0,0,0,0,0,0,0,0
https://my.clevelandclinic.org/health/diseases/16425-heat-illness\x26amp;sa\x3dU\x26amp;ved\x3d2ahUKEwjxppWt0NSBAxX3p5UCHY8ZAi4QFnoECAIQFg\x26amp;usg\x3dAOvVaw0KDeMmK7y4gNQnlTZ83saL\x22,Non Governmental Organization,,,,,,,,,,,,
https://www.niehs.nih.gov/research/programs/climatechange/health_impacts/heat/index.cfm\x26amp;sa\x3dU\x26amp;ved\x3d2ahUKEwjxppWt0NSBAxX3p5UCHY8ZAi4QFnoECAIQHQ\x26amp;usg\x3dAOvVaw034FJbXDTXYy1pzrnvMCRw\x22,Government,,,,,,,,,,,,
"https://ghhin.org/wp-content/uploads/G7-report-heat-EWS.pdf&amp;sa=U&amp;ved=2ahUKEwim9dau0NSBAxV4r5UCHWdHBvgQFnoECAsQAw&amp;usg=AOvVaw0HHApEUuwJbqCBkwgXJ1vB""",News Source,,,,,,,,,,,,
"https://www.ncbi.nlm.nih.gov/pmc/articles/PMC3290979/&amp;sa=U&amp;ved=2ahUKEwim9dau0NSBAxV4r5UCHWdHBvgQFnoECAoQAg&amp;usg=AOvVaw0YG9ngqpQHalWaR0kb73LB""",Government,,,,,,,,,,,,
"https://www.ncbi.nlm.nih.gov/pmc/articles/PMC3290979/%23sec-a.k.atitle&amp;sa=U&amp;ved=2ahUKEwim9dau0NSBAxV4r5UCHWdHBvgQ0gJ6BAgKEAU&amp;usg=AOvVaw31hq-qHCf8SlI_Fslc7hSU""",Government,,,,,,,,,,,,
"https://www.ncbi.nlm.nih.gov/pmc/articles/PMC3290979/%23sec-a.k.btitle&amp;sa=U&amp;ved=2ahUKEwim9dau0NSBAxV4r5UCHWdHBvgQ0gJ6BAgKEAY&amp;usg=AOvVaw187NxUiCmVRBIi5QfqxrG1""",Government,,,,,,,,,,,,
"https://www.ncbi.nlm.nih.gov/pmc/articles/PMC3290979/%23sec-a.k.ctitle&amp;sa=U&amp;ved=2ahUKEwim9dau0NSBAxV4r5UCHWdHBvgQ0gJ6BAgKEAc&amp;usg=AOvVaw0QRzSuaLMB5MyDAyNEOZIZ""",Government,,,,,,,,,,,,
"https://www.ncbi.nlm.nih.gov/pmc/articles/PMC3290979/%23sec-a.k.dtitle&amp;sa=U&amp;ved=2ahUKEwim9dau0NSBAxV4r5UCHWdHBvgQ0gJ6BAgKEAg&amp;usg=AOvVaw1xkq13mYPAGw1QQ6RKBnVW""",Government,,,,,,,,,,,,
"https://public.wmo.int/en/media/news/heatwaves-show-importance-of-health-early-warnings-and-action-plans&amp;sa=U&amp;ved=2ahUKEwim9dau0NSBAxV4r5UCHWdHBvgQFnoECAgQAg&amp;usg=AOvVaw12vozdLxNmoNQru8CCkEmD""",News Source,,,,,,,,,,,,
"https://climate-adapt.eea.europa.eu/en/observatory/evidence/national-and-sub-national-warning-systems&amp;sa=U&amp;ved=2ahUKEwim9dau0NSBAxV4r5UCHWdHBvgQFnoECAcQAg&amp;usg=AOvVaw1dve79bOJAKURRUyLvnaNL""",Other,,,,,,,,,,,,
"https://www.thelancet.com/journals/lancet/article/PIIS0140-6736(22)01974-2/fulltext&amp;sa=U&amp;ved=2ahUKEwim9dau0NSBAxV4r5UCHWdHBvgQFnoECAQQAg&amp;usg=AOvVaw35ZZQcQJQbwkwAGe2GEGVy""",Academic Journal,,,,,,,,,,,,
"https://bmcpublichealth.biomedcentral.com/articles/10.1186/s12889-021-10982-8&amp;sa=U&amp;ved=2ahUKEwim9dau0NSBAxV4r5UCHWdHBvgQFnoECAUQAg&amp;usg=AOvVaw30q3uIkDso5nxu7dnl76kQ""",Other,,,,,,,,,,,,
"https://www.preventionweb.net/news/early-warning-system-joint-heat-and-ozone-extremes-china&amp;sa=U&amp;ved=2ahUKEwim9dau0NSBAxV4r5UCHWdHBvgQFnoECAkQAg&amp;usg=AOvVaw1WDy-Dus9nkIPhLuadct4B""",News Source,,,,,,,,,,,,
"https://www.preventionweb.net/publication/evaluation-early-warning-system-heat-wave-related-mortality-europe-implications-sub&amp;sa=U&amp;ved=2ahUKEwim9dau0NSBAxV4r5UCHWdHBvgQFnoECAIQAg&amp;usg=AOvVaw0pkrfClXqM9QOTUEZGtZiO""",Other,,,,,,,,,,,,
"https://toolkit.climate.gov/case-studies/developing-early-warning-system-prevent-heat-illness&amp;sa=U&amp;ved=2ahUKEwim9dau0NSBAxV4r5UCHWdHBvgQFnoECAYQAg&amp;usg=AOvVaw2mL_h9Q4FYWJGPB-l2LEL2""",Government,"American Samoa, Canada, China, Mexico, Puerto Rico, United States, Samoa",0,1,0,0,0,0,0,0,0,0,0
"https://bmjopen.bmj.com/content/6/7/e012125&amp;sa=U&amp;ved=2ahUKEwim9dau0NSBAxV4r5UCHWdHBvgQFnoECAMQAg&amp;usg=AOvVaw2EO8twr2tk_Yy_XtNAs0O9""",Other,,,,,,,,,,,,
https://www.weather.gov/bgm/heat\x26amp;sa\x3dU\x26amp;ved\x3d2ahUKEwim9dau0NSBAxV4r5UCHWdHBvgQFnoECAEQBg\x26amp;usg\x3dAOvVaw2BMh5ORSkggMT1DMuuYWoa\x22,Government,None,0,0,0,0,0,0,0,0,0,0,0
https://www.un-spider.org/risks-and-disasters/early-warning-systems\x26amp;sa\x3dU\x26amp;ved\x3d2ahUKEwim9dau0NSBAxV4r5UCHWdHBvgQFnoECAEQDQ\x26amp;usg\x3dAOvVaw30MI0QiHRAuJH_k93jm16Y\x22,Non Governmental Organization,,,,,,,,,,,,
https://www.un-spider.org/risks-and-disasters/early-warning-systems\x26amp;sa\x3dU\x26amp;ved\x3d2ahUKEwim9dau0NSBAxV4r5UCHWdHBvgQlqUEegQIARAO\x26amp;usg\x3dAOvVaw1a4hPLMm9N8C6qP3ZO_HPy\x22,Non Governmental Organization,,,,,,,,,,,,
https://www.un-spider.org/risks-and-disasters/early-warning-systems\x26amp;sa\x3dU\x26amp;ved\x3d2ahUKEwim9dau0NSBAxV4r5UCHWdHBvgQMHoECAEQDw\x26amp;usg\x3dAOvVaw0yr4qHiayp9jTaJXZTF7MJ\x22,Non Governmental Organization,,,,,,,,,,,,
https://www.unisdr.org/files/608_10340.pdf\x26amp;sa\x3dU\x26amp;ved\x3d2ahUKEwim9dau0NSBAxV4r5UCHWdHBvgQFnoECAEQFg\x26amp;usg\x3dAOvVaw3uOkx5ti3_vgiYNTlcD3vF\x22,Non Governmental Organization,,,,,,,,,,,,
https://en.wikipedia.org/wiki/Early_warning_system\x26amp;sa\x3dU\x26amp;ved\x3d2ahUKEwim9dau0NSBAxV4r5UCHWdHBvgQFnoECAEQHQ\x26amp;usg\x3dAOvVaw1RxNSYLRxi6nh_X4bf6zgG\x22,Non Governmental Organization,,,,,,,,,,,,
"https://climate-adapt.eea.europa.eu/en/metadata/adaptation-options/heat-health-action-plans&amp;sa=U&amp;ved=2ahUKEwiosJqv0NSBAxWfuZUCHdBeAuoQFnoECAQQAw&amp;usg=AOvVaw2BqJVECvGO95XHszrXdpSM""",Other,,,,,,,,,,,,
"https://www.who.int/publications-detail-redirect/9789289071918&amp;sa=U&amp;ved=2ahUKEwiosJqv0NSBAxWfuZUCHdBeAuoQFnoECAoQAg&amp;usg=AOvVaw3XUXzn5-UQ7TJWQSzSsNWj""",Other,,,,,,,,,,,,
"https://www.who.int/europe/activities/planning-heat-health-action&amp;sa=U&amp;ved=2ahUKEwiosJqv0NSBAxWfuZUCHdBeAuoQFnoECAsQAg&amp;usg=AOvVaw1xNlgj979rfDPRLYfyMArM""",Other,,,,,,,,,,,,
"https://www.sciencedirect.com/science/article/abs/pii/S0013935122010362&amp;sa=U&amp;ved=2ahUKEwiosJqv0NSBAxWfuZUCHdBeAuoQFnoECAMQAg&amp;usg=AOvVaw2qst15lHq-ErIBbDBu5rs5""",Other,,,,,,,,,,,,
"https://heatactionplatform.onebillionresilient.org/modules/create-a-heat-action-plan/&amp;sa=U&amp;ved=2ahUKEwiosJqv0NSBAxWfuZUCHdBeAuoQFnoECAIQAg&amp;usg=AOvVaw2dXCIe2k9MU5nV7pZE5AAy""",Non Governmental Organization,,,,,,,,,,,,
"https://www.health.gov.za/wp-content/uploads/2022/06/National-Heat-Health-Action-Guidelines.pdf&amp;sa=U&amp;ved=2ahUKEwiosJqv0NSBAxWfuZUCHdBeAuoQFnoECAYQAg&amp;usg=AOvVaw16SSpW1L0KHJMKYe3_DObB""",Government,,,,,,,,,,,,
"https://public.wmo.int/en/media/news/heatwaves-show-importance-of-health-early-warnings-and-action-plans&amp;sa=U&amp;ved=2ahUKEwiosJqv0NSBAxWfuZUCHdBeAuoQFnoECAUQAg&amp;usg=AOvVaw3fEA81pXDoMsxSNktO07T-""",News Source,,,,,,,,,,,,
"https://ghhin.org/heat-action-plans-and-case-studies/&amp;sa=U&amp;ved=2ahUKEwiosJqv0NSBAxWfuZUCHdBeAuoQFnoECAcQAg&amp;usg=AOvVaw2N4yVTI5BzuDhJSAM-rQXh""",Non Governmental Organization,,,,,,,,,,,,
"https://www.mdpi.com/2073-4433/13/12/2126&amp;sa=U&amp;ved=2ahUKEwiosJqv0NSBAxWfuZUCHdBeAuoQFnoECAwQAg&amp;usg=AOvVaw1HJ2jkw0otpXOYR9TPGgml""",Other,,,,,,,,,,,,
"https://pubmed.ncbi.nlm.nih.gov/35779622/&amp;sa=U&amp;ved=2ahUKEwiosJqv0NSBAxWfuZUCHdBeAuoQFnoECAkQAg&amp;usg=AOvVaw3ePdaUqfkBWcKFQAa7W6E6""",Government,"Switzerland, Germany, Denmark, France, Italy, Mali, Philippines, Chad, United States",0,1,0,0,0,0,1,0,0,0,0
https://www.cdc.gov/climateandhealth/effects/temperature_extremes.htm\x26amp;sa\x3dU\x26amp;ved\x3d2ahUKEwiosJqv0NSBAxWfuZUCHdBeAuoQFnoECAEQBg\x26amp;usg\x3dAOvVaw3G9dVLY3FCZcflHLFF3qTG\x22,Government,United States,0,1,0,0,0,0,0,0,0,0,0
https://www.mayoclinic.org/diseases-conditions/heat-exhaustion/diagnosis-treatment/drc-20373253\x26amp;sa\x3dU\x26amp;ved\x3d2ahUKEwiosJqv0NSBAxWfuZUCHdBeAuoQFnoECAEQDQ\x26amp;usg\x3dAOvVaw2fDBJK77ldOaaU7YikpCh8\x22,Non Governmental Organization,,,,,,,,,,,,
https://www.mayoclinic.org/diseases-conditions/heat-exhaustion/diagnosis-treatment/drc-20373253\x26amp;sa\x3dU\x26amp;ved\x3d2ahUKEwiosJqv0NSBAxWfuZUCHdBeAuoQlqUEegQIARAO\x26amp;usg\x3dAOvVaw3kWE-G8YEd8iPnP4OAWqyX\x22,Non Governmental Organization,,,,,,,,,,,,
https://www.epa.gov/heatislands/what-you-can-do-reduce-heat-islands\x26amp;sa\x3dU\x26amp;ved\x3d2ahUKEwiosJqv0NSBAxWfuZUCHdBeAuoQFnoECAEQFQ\x26amp;usg\x3dAOvVaw3btvsSMqW5R1xCwYCpJ_CT\x22,Government,,,,,,,,,,,,
https://www.epa.gov/heatislands/what-you-can-do-reduce-heat-islands\x26amp;sa\x3dU\x26amp;ved\x3d2ahUKEwiosJqv0NSBAxWfuZUCHdBeAuoQlqUEegQIARAW\x26amp;usg\x3dAOvVaw1cFlxrEuxQ908bfyP96olc\x22,Government,,,,,,,,,,,,
https://www.ready.gov/heat\x26amp;sa\x3dU\x26amp;ved\x3d2ahUKEwiosJqv0NSBAxWfuZUCHdBeAuoQFnoECAEQHQ\x26amp;usg\x3dAOvVaw2dx8GqPaqtn0WCM9ozThMG\x22,Government,,,,,,,,,,,,
https://www.ready.gov/heat\x26amp;sa\x3dU\x26amp;ved\x3d2ahUKEwiosJqv0NSBAxWfuZUCHdBeAuoQlqUEegQIARAe\x26amp;usg\x3dAOvVaw3GTKYLodyGwpvZLNs7bhJx\x22,Government,,,,,,,,,,,,
https://www.ready.gov/heat\x26amp;sa\x3dU\x26amp;ved\x3d2ahUKEwiosJqv0NSBAxWfuZUCHdBeAuoQMHoECAEQHw\x26amp;usg\x3dAOvVaw0FrroIRN9bFJ1SPdqb8z7y\x22,Government,,,,,,,,,,,,
"https://climate-adapt.eea.europa.eu/en/observatory/evidence/national-and-sub-national-warning-systems&amp;sa=U&amp;ved=2ahUKEwjivOCv0NSBAxVfqZUCHUidAnIQFnoECAIQAw&amp;usg=AOvVaw2B-3dOEd0pJ52ZAYRCd5bC""",Other,,,,,,,,,,,,
"https://www.ncbi.nlm.nih.gov/pmc/articles/PMC2866620/&amp;sa=U&amp;ved=2ahUKEwjivOCv0NSBAxVfqZUCHUidAnIQFnoECAoQAg&amp;usg=AOvVaw0408-xtJhnknsaHRxCwCf9""",Government,,,,,,,,,,,,
"https://www.ncbi.nlm.nih.gov/pmc/articles/PMC2866620/%23abstract-a.i.b.ntitle&amp;sa=U&amp;ved=2ahUKEwjivOCv0NSBAxVfqZUCHUidAnIQ0gJ6BAgKEAU&amp;usg=AOvVaw1M3YryE1kiDNaFZJzebByX""",Government,,,,,,,,,,,,
"https://www.ncbi.nlm.nih.gov/pmc/articles/PMC2866620/%23sec-a.j.etitle&amp;sa=U&amp;ved=2ahUKEwjivOCv0NSBAxVfqZUCHUidAnIQ0gJ6BAgKEAY&amp;usg=AOvVaw3Qkcp9eLblIvjh3NOOAmc6""",Government,,,,,,,,,,,,
"https://www.ncbi.nlm.nih.gov/pmc/articles/PMC2866620/%23sec-a.j.ftitle&amp;sa=U&amp;ved=2ahUKEwjivOCv0NSBAxVfqZUCHUidAnIQ0gJ6BAgKEAc&amp;usg=AOvVaw03w2PnVFNaCKhgakPsQ2V9""",Government,,,,,,,,,,,,
"https://www.ncbi.nlm.nih.gov/pmc/articles/PMC2866620/%23sec-a.j.gtitle&amp;sa=U&amp;ved=2ahUKEwjivOCv0NSBAxVfqZUCHUidAnIQ0gJ6BAgKEAg&amp;usg=AOvVaw0Qliy72CpFPLtk5c413nPO""",Government,,,,,,,,,,,,
"https://bmcpublichealth.biomedcentral.com/articles/10.1186/s12889-021-10982-8&amp;sa=U&amp;ved=2ahUKEwjivOCv0NSBAxVfqZUCHUidAnIQFnoECAEQAg&amp;usg=AOvVaw23EHBD6dt2Tn5kQUEfwUod""",Other,,,,,,,,,,,,
"https://www.thelancet.com/journals/lancet/article/PIIS0140-6736(22)01974-2/fulltext&amp;sa=U&amp;ved=2ahUKEwjivOCv0NSBAxVfqZUCHUidAnIQFnoECAYQAg&amp;usg=AOvVaw2DA7XnOd2wrQVXM0tCSLMs""",Academic Journal,,,,,,,,,,,,
"https://ghhin.org/understanding-heat/&amp;sa=U&amp;ved=2ahUKEwjivOCv0NSBAxVfqZUCHUidAnIQFnoECAQQAg&amp;usg=AOvVaw2JN66EE3Z9Fhh2cdzKortm""",Non Governmental Organization,,,,,,,,,,,,
"https://public.wmo.int/en/resources/library/heatwaves-and-health-guidance-warning-system-development&amp;sa=U&amp;ved=2ahUKEwjivOCv0NSBAxVfqZUCHUidAnIQFnoECAcQAg&amp;usg=AOvVaw2a6AZKTZyU37jjqb0c5A-l""",Government,None,0,0,0,0,0,0,0,0,0,0,0
"https://public.wmo.int/en/media/news/heatwaves-show-importance-of-health-early-warnings-and-action-plans&amp;sa=U&amp;ved=2ahUKEwjivOCv0NSBAxVfqZUCHUidAnIQFnoECAkQAg&amp;usg=AOvVaw0-aNarsDlx351vpIXdRCGK""",News Source,,,,,,,,,,,,
"https://www.sciencedirect.com/science/article/pii/S2210670721007538&amp;sa=U&amp;ved=2ahUKEwjivOCv0NSBAxVfqZUCHUidAnIQFnoECAUQAg&amp;usg=AOvVaw3T1exQ-ZqEGajVeVcrgyXq""",Other,,,,,,,,,,,,
"https://www.mdpi.com/2073-4433/11/2/170&amp;sa=U&amp;ved=2ahUKEwjivOCv0NSBAxVfqZUCHUidAnIQFnoECAgQAg&amp;usg=AOvVaw3F2jsla7JRvO8yMzpl8I4h""",Other,,,,,,,,,,,,
"https://link.springer.com/chapter/10.1007/978-1-4020-8921-3_3&amp;sa=U&amp;ved=2ahUKEwjivOCv0NSBAxVfqZUCHUidAnIQFnoECAMQAg&amp;usg=AOvVaw1Eqzg4iWPUdjZ99o1UqrX4""",Other,,,,,,,,,,,,
https://www.weather.gov/safety/heat-ww\x26amp;sa\x3dU\x26amp;ved\x3d2ahUKEwjivOCv0NSBAxVfqZUCHUidAnIQFnoECAsQBg\x26amp;usg\x3dAOvVaw2IpyTqefl0mYluUUtAX6F_\x22,Government,None,0,0,0,0,0,0,0,0,0,0,0
https://www.cdc.gov/climateandhealth/pubs/extreme-heat-final_508.pdf\x26amp;sa\x3dU\x26amp;ved\x3d2ahUKEwjivOCv0NSBAxVfqZUCHUidAnIQFnoECAsQDQ\x26amp;usg\x3dAOvVaw3S911mUnvuMJr63rBmDWOo\x22,Government,,,,,,,,,,,,
https://www.ready.gov/heat\x26amp;sa\x3dU\x26amp;ved\x3d2ahUKEwjivOCv0NSBAxVfqZUCHUidAnIQFnoECAsQFA\x26amp;usg\x3dAOvVaw0LayQg-Tmbo4BNp47Gbwqd\x22,Government,,,,,,,,,,,,
"https://www.ready.gov/heat&amp;sa=U&amp;ved=2ahUKEwiXiKSw0NSBAxWhp5UCHQwRCmUQFnoECAoQAg&amp;usg=AOvVaw3zUOTP1Yy7_GO5N-kgsG1z""",Government,,,,,,,,,,,,
"https://www.betterhealth.vic.gov.au/health/healthyliving/how-to-cope-and-stay-safe-in-extreme-heat&amp;sa=U&amp;ved=2ahUKEwiXiKSw0NSBAxWhp5UCHQwRCmUQFnoECAkQAg&amp;usg=AOvVaw2mlvoIJBCHfptaeaJvcEft""",Government,,,,,,,,,,,,
"https://www.betterhealth.vic.gov.au/health/healthyliving/how-to-cope-and-stay-safe-in-extreme-heat%23impact-of-extreme-heat&amp;sa=U&amp;ved=2ahUKEwiXiKSw0NSBAxWhp5UCHQwRCmUQ0gJ6BAgJEAU&amp;usg=AOvVaw0p-ID6c8u4NJBltt5jixwQ""",Government,Australia,1,0,0,0,0,0,0,0,0,0,0
"https://www.betterhealth.vic.gov.au/health/healthyliving/how-to-cope-and-stay-safe-in-extreme-heat%23people-at-risk-from-extreme-heat&amp;sa=U&amp;ved=2ahUKEwiXiKSw0NSBAxWhp5UCHQwRCmUQ0gJ6BAgJEAY&amp;usg=AOvVaw190ElTj9rbADTps3NuXXQw""",Government,Australia,1,0,0,0,0,0,0,0,0,0,0
"https://www.betterhealth.vic.gov.au/health/healthyliving/how-to-cope-and-stay-safe-in-extreme-heat%23coping-with-the-heat&amp;sa=U&amp;ved=2ahUKEwiXiKSw0NSBAxWhp5UCHQwRCmUQ0gJ6BAgJEAc&amp;usg=AOvVaw01NL7uYjAklaUsiX953C96""",Government,Australia,1,0,0,0,0,0,0,0,0,0,0
"https://www.cdc.gov/disasters/extremeheat/heat_guide.html&amp;sa=U&amp;ved=2ahUKEwiXiKSw0NSBAxWhp5UCHQwRCmUQFnoECAsQAg&amp;usg=AOvVaw15YHFJHOpFKG4E3DNYng38""",Government,,,,,,,,,,,,
"https://www.cdc.gov/orr/infographics/beattheheat.htm&amp;sa=U&amp;ved=2ahUKEwiXiKSw0NSBAxWhp5UCHQwRCmUQ0gJ6BAgLEAU&amp;usg=AOvVaw0V7nTM1GzOxrkrdJiuuMj2""",Government,,,,,,,,,,,,
"https://www.cdc.gov/es/disasters/extremeheat/heat_guide.html&amp;sa=U&amp;ved=2ahUKEwiXiKSw0NSBAxWhp5UCHQwRCmUQ0gJ6BAgLEAY&amp;usg=AOvVaw2jJmAvDjV-V0pfEDM-p1IL""",Government,,,,,,,,,,,,
"https://www.cdc.gov/disasters/extremeheat/specificgroups.html&amp;sa=U&amp;ved=2ahUKEwiXiKSw0NSBAxWhp5UCHQwRCmUQ0gJ6BAgLEAc&amp;usg=AOvVaw3kGYy5hpn-tf8KphW3hZqm""",Government,,,,,,,,,,,,
"https://www.safework.nsw.gov.au/hazards-a-z/working-in-extreme-heat/content-page-blocks/managing-extreme-heat-at-your-workplace&amp;sa=U&amp;ved=2ahUKEwiXiKSw0NSBAxWhp5UCHQwRCmUQFnoECAAQAg&amp;usg=AOvVaw2f020vY1kV6998Z1UFP0X5""",Government,,,,,,,,,,,,
"https://www.washington.edu/uwem/preparedness/know-your-hazards/extreme-heat/&amp;sa=U&amp;ved=2ahUKEwiXiKSw0NSBAxWhp5UCHQwRCmUQFnoECAQQAg&amp;usg=AOvVaw3srmDPovCuvfMLxUW8gSzE""",Other,,,,,,,,,,,,
"https://www.azdhs.gov/documents/preparedness/epidemiology-disease-control/extreme-weather/heat/managing-extreme-heat-recommendations-for-schools.pdf&amp;sa=U&amp;ved=2ahUKEwiXiKSw0NSBAxWhp5UCHQwRCmUQFnoECAEQAg&amp;usg=AOvVaw1ucqBlpGGyPdW2LjzxJw5u""",Government,None,0,0,0,0,0,0,0,0,0,0,0
"https://www.c40knowledgehub.org/s/article/How-to-adapt-your-city-to-extreme-heat%3Flanguage%3Den_US&amp;sa=U&amp;ved=2ahUKEwiXiKSw0NSBAxWhp5UCHQwRCmUQFnoECAcQAg&amp;usg=AOvVaw2LBBnm7k9XW6Uq12_S4gp6""",Non Governmental Organization,,,,,,,,,,,,
"https://community.fema.gov/ProtectiveActions/s/article/Extreme-Heat&amp;sa=U&amp;ved=2ahUKEwiXiKSw0NSBAxWhp5UCHQwRCmUQFnoECAgQAg&amp;usg=AOvVaw33aTjUggkzkGiuNBQpolxN""",Government,,,,,,,,,,,,
"https://www.sciencedirect.com/science/article/pii/S2210670721007538&amp;sa=U&amp;ved=2ahUKEwiXiKSw0NSBAxWhp5UCHQwRCmUQFnoECAIQAg&amp;usg=AOvVaw1pGHylVZ6fC2_a8mg83Oab""",Other,,,,,,,,,,,,
"https://www.epa.gov/heatislands/adapting-heat&amp;sa=U&amp;ved=2ahUKEwiXiKSw0NSBAxWhp5UCHQwRCmUQFnoECAMQAg&amp;usg=AOvVaw1kh0176wHQbSpOsVGSYqTf""",Government,,,,,,,,,,,,
https://www.ready.gov/heat\x26amp;sa\x3dU\x26amp;ved\x3d2ahUKEwiXiKSw0NSBAxWhp5UCHQwRCmUQFnoECAYQBQ\x26amp;usg\x3dAOvVaw0C9ktF8a01b2e-UWeJG_eB\x22,Government,,,,,,,,,,,,
https://www.ready.gov/heat\x26amp;sa\x3dU\x26amp;ved\x3d2ahUKEwiXiKSw0NSBAxWhp5UCHQwRCmUQlqUEegQIBhAG\x26amp;usg\x3dAOvVaw3my0M113HVGg4tewb1nZgp\x22,Government,,,,,,,,,,,,
https://www.ready.gov/heat\x26amp;sa\x3dU\x26amp;ved\x3d2ahUKEwiXiKSw0NSBAxWhp5UCHQwRCmUQMHoECAYQBw\x26amp;usg\x3dAOvVaw2Ohv41QPlTSz__jb5eDUI-\x22,Government,,,,,,,,,,,,
https://www.epa.gov/heatislands/adapting-heat\x26amp;sa\x3dU\x26amp;ved\x3d2ahUKEwiXiKSw0NSBAxWhp5UCHQwRCmUQFnoECAYQDg\x26amp;usg\x3dAOvVaw3O1EEpR6xUe7ZRdb_m_889\x22,Government,,,,,,,,,,,,
https://www.redcross.org/get-help/how-to-prepare-for-emergencies/types-of-emergencies/extreme-heat-safety.html\x26amp;sa\x3dU\x26amp;ved\x3d2ahUKEwiXiKSw0NSBAxWhp5UCHQwRCmUQFnoECAYQFQ\x26amp;usg\x3dAOvVaw1DRTYlRUj47T6s6RA2fQuY\x22,Non Governmental Organization,,,,,,,,,,,,
https://www.redcross.org/get-help/how-to-prepare-for-emergencies/types-of-emergencies/extreme-heat-safety.html\x26amp;sa\x3dU\x26amp;ved\x3d2ahUKEwiXiKSw0NSBAxWhp5UCHQwRCmUQlqUEegQIBhAW\x26amp;usg\x3dAOvVaw2yfXGbjcwNJNndWfzWJsMP\x22,Non Governmental Organization,,,,,,,,,,,,
https://www.cdc.gov/disasters/extremeheat/heattips.html\x26amp;sa\x3dU\x26amp;ved\x3d2ahUKEwiXiKSw0NSBAxWhp5UCHQwRCmUQFnoECAYQHQ\x26amp;usg\x3dAOvVaw28hEQXRT66EViJscVHNBWa\x22,Government,None,0,1,0,0,0,0,0,0,0,0,0
https://www.cdc.gov/disasters/extremeheat/heattips.html\x26amp;sa\x3dU\x26amp;ved\x3d2ahUKEwiXiKSw0NSBAxWhp5UCHQwRCmUQlqUEegQIBhAe\x26amp;usg\x3dAOvVaw1pjqJq2lZsZ0ySffX8ngDZ\x22,Government,None,0,1,0,0,0,0,0,0,0,0,0
https://www.cdc.gov/disasters/extremeheat/heattips.html\x26amp;sa\x3dU\x26amp;ved\x3d2ahUKEwiXiKSw0NSBAxWhp5UCHQwRCmUQMHoECAYQHw\x26amp;usg\x3dAOvVaw2Y7yVfwO4R8hmsmnqXsWN8\x22,Government,None,0,1,0,0,0,0,0,0,0,0,0
"https://ndma.gov.in/Natural-Hazards/Heat-Wave/Dos-Donts&amp;sa=U&amp;ved=2ahUKEwiu4emw0NSBAxUuqJUCHXokC7EQFnoECAkQAg&amp;usg=AOvVaw2nZk1UqTE-Q8ADOcRDDJgq""",Government,,,,,,,,,,,,
"https://epidemics.ifrc.org/manager/disaster/heat-waves-and-hot-weather&amp;sa=U&amp;ved=2ahUKEwiu4emw0NSBAxUuqJUCHXokC7EQFnoECAoQAg&amp;usg=AOvVaw2wue88vsv8okIX3JAHzPUj""",Non Governmental Organization,,,,,,,,,,,,
"https://www.iipa.org.in/cms/public/uploads/152561610368684.pdf&amp;sa=U&amp;ved=2ahUKEwiu4emw0NSBAxUuqJUCHXokC7EQFnoECAsQAg&amp;usg=AOvVaw1cEJrsHecr6OwCVqSeP7WC""",Non Governmental Organization,,,,,,,,,,,,
"https://ndma.gov.in/Natural-Hazards/Heat-Wave&amp;sa=U&amp;ved=2ahUKEwiu4emw0NSBAxUuqJUCHXokC7EQFnoECAcQAg&amp;usg=AOvVaw3ugbO5lAEtidHbS6SytmcE""",Government,,,,,,,,,,,,
"https://vikaspedia.in/social-welfare/disaster-management-1/guidelines-on-disaster-management/guidelines-on-management-of-heat-wave&amp;sa=U&amp;ved=2ahUKEwiu4emw0NSBAxUuqJUCHXokC7EQFnoECAYQAg&amp;usg=AOvVaw30mAcK_1_xh7mpN0ha7pIh""",Government,India,0,1,0,0,0,0,0,0,0,0,0
"https://heatactionplatform.onebillionresilient.org/modules/create-a-heat-action-plan/&amp;sa=U&amp;ved=2ahUKEwiu4emw0NSBAxUuqJUCHXokC7EQFnoECAIQAg&amp;usg=AOvVaw281JVhIQnbQeKvSI2pL7Zk""",Non Governmental Organization,,,,,,,,,,,,
"https://www.preventionweb.net/publication/guidelines-preparation-action-plan-prevention-and-management-heat-wave&amp;sa=U&amp;ved=2ahUKEwiu4emw0NSBAxUuqJUCHXokC7EQFnoECAMQAg&amp;usg=AOvVaw1rOhKO5otFYfTeJF1jizo3""",Other,,,,,,,,,,,,
"https://www.nhs.uk/live-well/seasonal-health/heatwave-how-to-cope-in-hot-weather/&amp;sa=U&amp;ved=2ahUKEwiu4emw0NSBAxUuqJUCHXokC7EQFnoECAEQAg&amp;usg=AOvVaw2TR9y2-k74_agAb99OEu5K""",Other,,,,,,,,,,,,
"https://www.preventionweb.net/news/understanding-implications-and-mitigation-strategies-heatwaves-india&amp;sa=U&amp;ved=2ahUKEwiu4emw0NSBAxUuqJUCHXokC7EQFnoECAQQAg&amp;usg=AOvVaw2XY3QMdojLLJoc8NU5Y0vt""",News Source,,,,,,,,,,,,
"https://smartnet.niua.org/sites/default/files/resources/guidelines-heat-wave.pdf&amp;sa=U&amp;ved=2ahUKEwiu4emw0NSBAxUuqJUCHXokC7EQFnoECAUQAg&amp;usg=AOvVaw1NLjTAjzG2tUVwp9iukDJN""",Non Governmental Organization,,,,,,,,,,,,
https://ndma.gov.in/Natural-Hazards/Heat-Wave/Dos-Donts\x26amp;sa\x3dU\x26amp;ved\x3d2ahUKEwiu4emw0NSBAxUuqJUCHXokC7EQFnoECAgQBg\x26amp;usg\x3dAOvVaw1rR3J_WIn71JWwDmGtti42\x22,Government,,,,,,,,,,,,
https://vikaspedia.in/social-welfare/disaster-management-1/guidelines-on-disaster-management/guidelines-on-management-of-heat-wave\x26amp;sa\x3dU\x26amp;ved\x3d2ahUKEwiu4emw0NSBAxUuqJUCHXokC7EQFnoECAgQDQ\x26amp;usg\x3dAOvVaw223lqsGoAasXpQN3TB71Ut\x22,Government,India,0,0,0,0,0,0,0,0,0,0,0
https://www.zurich.com/en/knowledge/topics/seasonal-hazards/nine-tips-to-reduce-heat-stress-in-the-workplace\x26amp;sa\x3dU\x26amp;ved\x3d2ahUKEwiu4emw0NSBAxUuqJUCHXokC7EQFnoECAgQFA\x26amp;usg\x3dAOvVaw1IlZ06gb5EF9Nzlmkk_bwv\x22,Other,None,0,0,0,0,0,0,0,0,0,0,0
http://www.bom.gov.au/australia/heatwave/knowledge-centre/understanding.shtml\x26amp;sa\x3dU\x26amp;ved\x3d2ahUKEwiu4emw0NSBAxUuqJUCHXokC7EQFnoECAgQGw\x26amp;usg\x3dAOvVaw3ebbzuyNotPljOcbDx81er\x22,Government,,,,,,,,,,,,
http://www.bom.gov.au/australia/heatwave/knowledge-centre/understanding.shtml\x26amp;sa\x3dU\x26amp;ved\x3d2ahUKEwiu4emw0NSBAxUuqJUCHXokC7EQlqUEegQICBAc\x26amp;usg\x3dAOvVaw3Cs-Xe0JZf_A_PLhf93LxT\x22,Government,,,,,,,,,,,,
"https://public.wmo.int/en/media/news/heatwaves-show-importance-of-health-early-warnings-and-action-plans&amp;sa=U&amp;ved=2ahUKEwj147Wx0NSBAxXmpJUCHRosDdgQFnoECAUQAg&amp;usg=AOvVaw0KYgRITcUDtQGid1UxeRi-""",News Source,,,,,,,,,,,,
"https://www.bbc.com/news/health-65843463&amp;sa=U&amp;ved=2ahUKEwj147Wx0NSBAxXmpJUCHRosDdgQFnoECAkQAg&amp;usg=AOvVaw3CWI2vLwhadZ43HCNYpTwp""",News Source,,,,,,,,,,,,
"https://climate-adapt.eea.europa.eu/en/observatory/evidence/national-and-sub-national-warning-systems&amp;sa=U&amp;ved=2ahUKEwj147Wx0NSBAxXmpJUCHRosDdgQFnoECAQQAg&amp;usg=AOvVaw1ldozAzuGSzOUiAGpSWmUL""",Other,,,,,,,,,,,,
"https://www.reuters.com/world/wmo-warns-risk-heart-attacks-deaths-heatwave-intensifies-2023-07-18/&amp;sa=U&amp;ved=2ahUKEwj147Wx0NSBAxXmpJUCHRosDdgQFnoECAMQAg&amp;usg=AOvVaw1qrrxoz3hgVNW1Ljb4XsjL""",Other,,,,,,,,,,,,
"https://www.metoffice.gov.uk/weather/warnings-and-advice/seasonal-advice/heat-health-alert-service&amp;sa=U&amp;ved=2ahUKEwj147Wx0NSBAxXmpJUCHRosDdgQFnoECAIQAg&amp;usg=AOvVaw0J79NOzRBwza_6l3NIwvkm""",Government,,,,,,,,,,,,
"https://www.health.vic.gov.au/environmental-health/heat-health-warning&amp;sa=U&amp;ved=2ahUKEwj147Wx0NSBAxXmpJUCHRosDdgQFnoECAEQAg&amp;usg=AOvVaw0nWtjMaBSKM6skUHFLQZbE""",Government,,,,,,,,,,,,
"https://acphd.org/health-alerts/heat-advisory/&amp;sa=U&amp;ved=2ahUKEwj147Wx0NSBAxXmpJUCHRosDdgQFnoECAoQAg&amp;usg=AOvVaw2RcT5H_V69WgR-BFGsneAQ""",News Source,None,0,1,0,0,0,0,0,0,0,0,0
"http://publichealth.lacounty.gov/eh/climatechange/ExtremeHeat.htm&amp;sa=U&amp;ved=2ahUKEwj147Wx0NSBAxXmpJUCHRosDdgQFnoECAYQAg&amp;usg=AOvVaw3B3h2X3NWrIa6z5Lmiy-BY""",Government,None,0,0,0,0,0,0,0,0,0,0,0
"https://www.gov.uk/government/news/heat-health-alerts-issued-by-ukhsa-and-met-office&amp;sa=U&amp;ved=2ahUKEwj147Wx0NSBAxXmpJUCHRosDdgQFnoECAcQAg&amp;usg=AOvVaw1R8EGU5i2xkZpead8_z1Gx""",Government,,,,,,,,,,,,
"https://www.ncbi.nlm.nih.gov/pmc/articles/PMC3290979/&amp;sa=U&amp;ved=2ahUKEwj147Wx0NSBAxXmpJUCHRosDdgQFnoECAgQAg&amp;usg=AOvVaw0Zx9oYKHsTIOrkIqetBKG0""",Government,,,,,,,,,,,,
"http://www.googleadservices.com/')})();window._setImagesSrc=function(e,f){function",Other,,,,,,,,,,,,
https://www.cdc.gov/climateandhealth/pubs/extreme-heat-final_508.pdf\x26amp;sa\x3dU\x26amp;ved\x3d2ahUKEwj147Wx0NSBAxXmpJUCHRosDdgQFnoECAsQBg\x26amp;usg\x3dAOvVaw03fMz5HBSpw1EDJ-fFMvDQ\x22,Government,,,,,,,,,,,,
https://www.weather.gov/safety/heat-ww\x26amp;sa\x3dU\x26amp;ved\x3d2ahUKEwj147Wx0NSBAxXmpJUCHRosDdgQFnoECAsQDQ\x26amp;usg\x3dAOvVaw2sD8gZGdewrieNxVe_GAOm\x22,Government,None,0,0,0,0,0,0,0,0,0,0,0
https://www.uwinnipeg.ca/emergency-guidelines/weather/heat-wave.html\x26amp;sa\x3dU\x26amp;ved\x3d2ahUKEwj147Wx0NSBAxXmpJUCHRosDdgQFnoECAsQFA\x26amp;usg\x3dAOvVaw3Fepk0JZDcAfXENNbbSeTG\x22,Other,,,,,,,,,,,,
https://ndma.gov.in/Natural-Hazards/Heat-Wave/Dos-Donts\x26amp;sa\x3dU\x26amp;ved\x3d2ahUKEwj147Wx0NSBAxXmpJUCHRosDdgQFnoECAsQGw\x26amp;usg\x3dAOvVaw1llLXojLRMYLIVpOvojYz9\x22,Government,,,,,,,,,,,,
