Author(s),Title,Publication Date,Source,Page Numbers,Link,Abstract,Countries,heatwave,heat wave,heat  wave,heat  action  plan,heat  health,heat early warning system,heat-health action plan,heat-health warning  systems,extreme heat management,heat wave management,public health heat wave alert
"Z Xu, G FitzGerald, Y Guo, B Jalaludin, S Tong - Environment international, 2016 - Elsevier",Impact of heatwave on mortality under different heatwave definitions: a systematic review and meta-analysis,"Z Xu, G FitzGerald, Y Guo, B Jalaludin, S Tong - Environment international, 2016 - Elsevier","Z Xu, G FitzGerald, Y Guo, B Jalaludin, S Tong - Environment international, 2016 - Elsevier",[PDF] researchgate.net,https://www.sciencedirect.com/science/article/pii/S0160412016300411,"… of heatwaves on mortality, evaluated different heatwave definitions used in the existing 
literature, and pooled the mortality risks associated with heatwaves under various heatwave …",,0,0,0,0,0,0,0,0,0,0,0
"S Campbell, TA Remenyi, CJ White, FH Johnston - Health & place, 2018 - Elsevier",Heatwave and health impact research: A global review,"S Campbell, TA Remenyi, CJ White, FH Johnston - Health & place, 2018 - Elsevier","S Campbell, TA Remenyi, CJ White, FH Johnston - Health & place, 2018 - Elsevier",[HTML] sciencedirect.com,https://www.sciencedirect.com/science/article/pii/S1353829218301205,"… in these indicators had occurred during the period of the heatwave. Studies examining both 
cold waves and heatwaves were included. Both whole population level studies and partial …",,0,0,0,0,0,0,0,0,0,0,0
"PA Stott, DA Stone, MR Allen - Nature, 2004 - nature.com",Human contribution to the European heatwave of 2003,"PA Stott, DA Stone, MR Allen - Nature, 2004 - nature.com","PA Stott, DA Stone, MR Allen - Nature, 2004 - nature.com",[PDF] grandkidzfuture.com,https://www.nature.com/articles/nature03089,"… It is an ill-posed question whether the 2003 heatwave was … the risk of the occurrence of such 
a heatwave 6 , 7 , 8 . Here we … the risk of a heatwave exceeding this threshold magnitude. …","Austria, China, Colombia, Germany, France, India, Italy, Japan, Laos, Mali",1,1,0,0,0,0,0,0,0,0,0
"A Flynn, C McGreevy, EC Mulkerrin - Qjm, 2005 - academic.oup.com",Why do older patients die in a heatwave?,"A Flynn, C McGreevy, EC Mulkerrin - Qjm, 2005 - academic.oup.com","A Flynn, C McGreevy, EC Mulkerrin - Qjm, 2005 - academic.oup.com",[HTML] oup.com,https://academic.oup.com/qjmed/article-abstract/98/3/227/1538832,"More than 11000 people were registered as dying in France during the first two weeks of 
August, 2003. 1 This confirmed a significant increase in mortality compared with a similar …",,0,0,0,0,0,0,0,0,0,0,0
"SE Perkins-Kirkpatrick, PB Gibson - Scientific Reports, 2017 - nature.com",Changes in regional heatwave characteristics as a function of increasing global temperature,"SE Perkins-Kirkpatrick, PB Gibson - Scientific Reports, 2017 - nature.com","SE Perkins-Kirkpatrick, PB Gibson - Scientific Reports, 2017 - nature.com",[HTML] nature.com,https://www.nature.com/articles/s41598-017-12520-2,"… up to 120 extra heatwave days/season if 5 C is reached. Increases in heatwave intensity are 
… Between warming thresholds of 1.5 C and 2.5 C, the return intervals of intense heatwaves …","Australia, Chile, China, United Kingdom, India, Italy, Japan, Mali, Russia, United States, South Africa",1,1,0,0,0,0,0,0,0,0,0
"M Stefanon, F D'Andrea… - Environmental Research …, 2012 - iopscience.iop.org",Heatwave classification over Europe and the Mediterranean region,"M Stefanon, F D'Andrea… - Environmental Research …, 2012 - iopscience.iop.org","M Stefanon, F D'Andrea… - Environmental Research …, 2012 - iopscience.iop.org",[PDF] iop.orgFull View,https://iopscience.iop.org/article/10.1088/1748-9326/7/1/014023/meta,"… of a heatwave event and identify the typical heatwaves of … In section 2, we propose a 
definition of heatwave event and … set of previously defined heatwave events into typical classes…",,0,0,0,0,0,0,0,0,0,0,0
"JR Nairn, RJB Fawcett - … journal of environmental research and public …, 2015 - mdpi.com",The excess heat factor: a metric for heatwave intensity and its use in classifying heatwave severity,"JR Nairn, RJB Fawcett - … journal of environmental research and public …, 2015 - mdpi.com","JR Nairn, RJB Fawcett - … journal of environmental research and public …, 2015 - mdpi.com",[PDF] mdpi.com,https://www.mdpi.com/1660-4601/12/1/227,"… heatwaves threaten. Analysis and forecasts of low-intensity heatwaves would also be 
included in a heatwave … Measurement and tracking of more frequent low-intensity heatwaves …","Australia, Switzerland, China, France, Georgia, Cambodia, Mali, Oman, Sweden, United States",1,1,0,0,0,0,0,0,0,0,0
"SE Perkins-Kirkpatrick, SC Lewis - Nature communications, 2020 - nature.com",Increasing trends in regional heatwaves,"SE Perkins-Kirkpatrick, SC Lewis - Nature communications, 2020 - nature.com","SE Perkins-Kirkpatrick, SC Lewis - Nature communications, 2020 - nature.com",[HTML] nature.comFull View,https://www.nature.com/articles/s41467-020-16970-7,"… temperature dataset and key heatwave metrics, we systematically examine regional and 
global observed heatwave trends. In almost all regions, heatwave frequency demonstrates the …","Australia, Brazil, Canada, Switzerland, China, United Kingdom, Greenland, Indonesia, India, Iceland, Italy, Japan, Mali, Russia, United States",1,1,0,0,0,0,0,0,0,0,0
"J Kravchenko, AP Abernethy, M Fawzy… - American journal of …, 2013 - Elsevier",Minimization of heatwave morbidity and mortality,"J Kravchenko, AP Abernethy, M Fawzy… - American journal of …, 2013 - Elsevier","J Kravchenko, AP Abernethy, M Fawzy… - American journal of …, 2013 - Elsevier",Save Cite Cited by 197 Related articles All 10 versions  ,https://www.sciencedirect.com/science/article/pii/S0749379712008781,"… to as heat waves) … heat waves have occasionally created substantial public health challenges, 
global climate changes are projected to increase the frequency and duration of heat waves…",,0,0,0,0,0,0,0,0,0,0,0
"MA Coleman, AJP Minne, S Vranken, T Wernberg - Scientific reports, 2020 - nature.com",Genetic tropicalisation following a marine heatwave,"MA Coleman, AJP Minne, S Vranken, T Wernberg - Scientific reports, 2020 - nature.com","MA Coleman, AJP Minne, S Vranken, T Wernberg - Scientific reports, 2020 - nature.com",[HTML] nature.com,https://www.nature.com/articles/s41598-020-69665-w,"… -occurring seaweeds within the footprint of the heatwave that opened space for rapid local 
… the footprint of the heatwave. Thus, extreme events such as marine heatwaves not only lead …","Australia, Chile, China, Cuba, Denmark, India, Italy, Japan, Mali, Oman",1,1,0,0,0,0,0,0,0,0,0
"PJ Robinson - Journal of Applied Meteorology and …, 2001 - journals.ametsoc.org",On the definition of a heat wave,"PJ Robinson - Journal of Applied Meteorology and …, 2001 - journals.ametsoc.org","PJ Robinson - Journal of Applied Meteorology and …, 2001 - journals.ametsoc.org",[PDF] vnu.edu.vn,https://journals.ametsoc.org/view/journals/apme/40/4/1520-0450_2001_040_0762_otdoah_2.0.co_2.xml?tab_body=fulltext-display,"… perceived as heat waves. Thus, it is likely that a similar number of perceived heat events will 
… much of the nation had less than three heat waves per decade, and this value was adopted …",,0,0,0,0,0,0,0,0,0,0,0
"KE Smoyer-Tomic, R Kuhn, A Hudson - Natural hazards, 2003 - Springer",Heat wave hazards: an overview of heat wave impacts in Canada,"KE Smoyer-Tomic, R Kuhn, A Hudson - Natural hazards, 2003 - Springer","KE Smoyer-Tomic, R Kuhn, A Hudson - Natural hazards, 2003 - Springer",Save Cite Cited by 244 Related articles All 13 versions  ,https://link.springer.com/article/10.1023/A:1022946528157,"… in defining heat waves and harmful hot weather events, followed by a spatial and historical 
overview of heat waves across Canada, and an assessment of heat wave adaptation …","Australia, Canada, Switzerland, Kenya, United States",0,1,0,0,0,0,0,0,0,0,0
"R García-Herrera, J Díaz, RM Trigo… - Critical Reviews in …, 2010 - Taylor & Francis",A review of the European summer heat wave of 2003,"R García-Herrera, J Díaz, RM Trigo… - Critical Reviews in …, 2010 - Taylor & Francis","R García-Herrera, J Díaz, RM Trigo… - Critical Reviews in …, 2010 - Taylor & Francis",[PDF] researchgate.net,https://www.tandfonline.com/doi/abs/10.1080/10643380802238137,"… This paper reviews the European summer heat wave of 2003… ) have contributed to the 
heat wave of 2003, whereas the role … in Europe during the heat wave, mostly elderly persons. …",,0,0,0,0,0,0,0,0,0,0,0
"DD Joseph, L Preziosi - Reviews of modern physics, 1989 - APS",Heat waves,"DD Joseph, L Preziosi - Reviews of modern physics, 1989 - APS","DD Joseph, L Preziosi - Reviews of modern physics, 1989 - APS",[PDF] researchgate.net,https://journals.aps.org/rmp/abstract/10.1103/RevModPhys.61.41,"The concept of transmission of heat by waves is reviewed and interpreted. The notion of an 
effective thermal conductivity, an effective heat capacity, and relaxation functions for heat and …","Canada, Italy, Japan, United States",0,1,0,0,0,0,0,0,0,0,0
"GB Anderson, ML Bell - Environmental health perspectives, 2011 - ehp.niehs.nih.gov",Heat waves in the United States: mortality risk during heat waves and effect modification by heat wave characteristics in 43 US communities,"GB Anderson, ML Bell - Environmental health perspectives, 2011 - ehp.niehs.nih.gov","GB Anderson, ML Bell - Environmental health perspectives, 2011 - ehp.niehs.nih.gov",[HTML] nih.gov,https://ehp.niehs.nih.gov/doi/abs/10.1289/ehp.1002313,"… heat wave compared with non-heat wave days, controlling for potential confounders. We 
combined individual heat wave … how heat wave mortality effects were modified by heat wave …",,0,0,0,0,0,0,0,0,0,0,0
"J Tan, Y Zheng, G Song, LS Kalkstein… - International journal of …, 2007 - Springer","Heat wave impacts on mortality in Shanghai, 1998 and 2003","J Tan, Y Zheng, G Song, LS Kalkstein… - International journal of …, 2007 - Springer","J Tan, Y Zheng, G Song, LS Kalkstein… - International journal of …, 2007 - Springer",[PDF] researchgate.net,https://link.springer.com/article/10.1007/s00484-006-0058-3,"… , heat waves both in 1998 and in 2003 all led to elevated mortality in Shanghai, China. While 
the heat waves … two years’ heat waves, and to better understand how heat impacts human …","Austria, China, Germany, Japan, Kenya, Netherlands, Oman, United States",1,1,0,0,0,0,0,0,0,0,0
"PA Stott, DA Stone, MR Allen - Nature, 2004 - nature.com",Human contribution to the European heatwave of 2003,"PA Stott, DA Stone, MR Allen - Nature, 2004 - nature.com","PA Stott, DA Stone, MR Allen - Nature, 2004 - nature.com",[PDF] grandkidzfuture.com,https://www.nature.com/articles/nature03089,"… We may have underestimated the FAR of a heatwave in 2003 by … Given the effects of the 
2003 heatwave, this suggests a … The 2003 heat wave in Europe: A shape of things to come? …","Austria, China, Colombia, Germany, France, India, Italy, Japan, Laos, Mali",1,1,0,0,0,0,0,0,0,0,0
"FG Kuglitsch, A Toreti, E Xoplaki… - Geophysical …, 2010 - Wiley Online Library",Heat wave changes in the eastern Mediterranean since 1960,"FG Kuglitsch, A Toreti, E Xoplaki… - Geophysical …, 2010 - Wiley Online Library","FG Kuglitsch, A Toreti, E Xoplaki… - Geophysical …, 2010 - Wiley Online Library",[PDF] wiley.comFull View,https://agupubs.onlinelibrary.wiley.com/doi/abs/10.1029/2009GL041841,"… ), of the longest heat wave per summer is calculated. We also focus on changes in heat wave 
… of summer heat waves per year, and the heat wave length (HWL 95 , in days) of all summer …",,0,0,0,0,0,0,0,0,0,0,0
"SM Bernard, MA McGeehin - American journal of …, 2004 - ajph.aphapublications.org",Municipal heat wave response plans,"SM Bernard, MA McGeehin - American journal of …, 2004 - ajph.aphapublications.org","SM Bernard, MA McGeehin - American journal of …, 2004 - ajph.aphapublications.org",[PDF] aphapublications.orgFull View,https://ajph.aphapublications.org/doi/abs/10.2105/AJPH.94.9.1520,"… Heat wave planning should be organized around a few … in reducing heat-related mortality 
during recent heat waves. … Comprehensive heat response requires involvement of many …",,0,0,0,0,0,0,0,0,0,0,0
"S Hajat, B Armstrong, M Baccini, A Biggeri, L Bisanti… - Epidemiology, 2006 - JSTOR",Impact of high temperatures on mortality: is there an added heat wave effect?,"S Hajat, B Armstrong, M Baccini, A Biggeri, L Bisanti… - Epidemiology, 2006 - JSTOR","S Hajat, B Armstrong, M Baccini, A Biggeri, L Bisanti… - Epidemiology, 2006 - JSTOR",Save Cite Cited by 523 Related articles All 13 versions  ,https://www.jstor.org/stable/20486291,"… hot weather using a generalized estimating equations approach. We modeled temperature 
and specific heat wave … an identified threshold, an additional ""heat wave"" effect of 5.5% was …",,0,0,0,0,0,0,0,0,0,0,0
"PJ Robinson - Journal of Applied Meteorology and …, 2001 - journals.ametsoc.org",On the definition of a heat wave,"PJ Robinson - Journal of Applied Meteorology and …, 2001 - journals.ametsoc.org","PJ Robinson - Journal of Applied Meteorology and …, 2001 - journals.ametsoc.org",[PDF] vnu.edu.vn,https://journals.ametsoc.org/view/journals/apme/40/4/1520-0450_2001_040_0762_otdoah_2.0.co_2.xml?tab_body=fulltext-display,"… perceived as heat waves. Thus, it is likely that a similar number of perceived heat events will 
… much of the nation had less than three heat waves per decade, and this value was adopted …",,0,0,0,0,0,0,0,0,0,0,0
"KE Smoyer-Tomic, R Kuhn, A Hudson - Natural hazards, 2003 - Springer",Heat wave hazards: an overview of heat wave impacts in Canada,"KE Smoyer-Tomic, R Kuhn, A Hudson - Natural hazards, 2003 - Springer","KE Smoyer-Tomic, R Kuhn, A Hudson - Natural hazards, 2003 - Springer",Save Cite Cited by 244 Related articles All 13 versions  ,https://link.springer.com/article/10.1023/A:1022946528157,"… in defining heat waves and harmful hot weather events, followed by a spatial and historical 
overview of heat waves across Canada, and an assessment of heat wave adaptation …","Australia, Canada, Switzerland, Kenya, United States",0,1,0,0,0,0,0,0,0,0,0
"R García-Herrera, J Díaz, RM Trigo… - Critical Reviews in …, 2010 - Taylor & Francis",A review of the European summer heat wave of 2003,"R García-Herrera, J Díaz, RM Trigo… - Critical Reviews in …, 2010 - Taylor & Francis","R García-Herrera, J Díaz, RM Trigo… - Critical Reviews in …, 2010 - Taylor & Francis",[PDF] researchgate.net,https://www.tandfonline.com/doi/abs/10.1080/10643380802238137,"… This paper reviews the European summer heat wave of 2003… ) have contributed to the 
heat wave of 2003, whereas the role … in Europe during the heat wave, mostly elderly persons. …",,0,0,0,0,0,0,0,0,0,0,0
"DD Joseph, L Preziosi - Reviews of modern physics, 1989 - APS",Heat waves,"DD Joseph, L Preziosi - Reviews of modern physics, 1989 - APS","DD Joseph, L Preziosi - Reviews of modern physics, 1989 - APS",[PDF] researchgate.net,https://journals.aps.org/rmp/abstract/10.1103/RevModPhys.61.41,"The concept of transmission of heat by waves is reviewed and interpreted. The notion of an 
effective thermal conductivity, an effective heat capacity, and relaxation functions for heat and …","Canada, Italy, Japan, United States",0,1,0,0,0,0,0,0,0,0,0
"GB Anderson, ML Bell - Environmental health perspectives, 2011 - ehp.niehs.nih.gov",Heat waves in the United States: mortality risk during heat waves and effect modification by heat wave characteristics in 43 US communities,"GB Anderson, ML Bell - Environmental health perspectives, 2011 - ehp.niehs.nih.gov","GB Anderson, ML Bell - Environmental health perspectives, 2011 - ehp.niehs.nih.gov",[HTML] nih.gov,https://ehp.niehs.nih.gov/doi/abs/10.1289/ehp.1002313,"… heat wave compared with non-heat wave days, controlling for potential confounders. We 
combined individual heat wave … how heat wave mortality effects were modified by heat wave …",,0,0,0,0,0,0,0,0,0,0,0
"J Tan, Y Zheng, G Song, LS Kalkstein… - International journal of …, 2007 - Springer","Heat wave impacts on mortality in Shanghai, 1998 and 2003","J Tan, Y Zheng, G Song, LS Kalkstein… - International journal of …, 2007 - Springer","J Tan, Y Zheng, G Song, LS Kalkstein… - International journal of …, 2007 - Springer",[PDF] researchgate.net,https://link.springer.com/article/10.1007/s00484-006-0058-3,"… , heat waves both in 1998 and in 2003 all led to elevated mortality in Shanghai, China. While 
the heat waves … two years’ heat waves, and to better understand how heat impacts human …","Austria, China, Germany, Japan, Kenya, Netherlands, Oman, United States",1,1,0,0,0,0,0,0,0,0,0
"PA Stott, DA Stone, MR Allen - Nature, 2004 - nature.com",Human contribution to the European heatwave of 2003,"PA Stott, DA Stone, MR Allen - Nature, 2004 - nature.com","PA Stott, DA Stone, MR Allen - Nature, 2004 - nature.com",[PDF] grandkidzfuture.com,https://www.nature.com/articles/nature03089,"… We may have underestimated the FAR of a heatwave in 2003 by … Given the effects of the 
2003 heatwave, this suggests a … The 2003 heat wave in Europe: A shape of things to come? …","Austria, China, Colombia, Germany, France, India, Italy, Japan, Laos, Mali",1,1,0,0,0,0,0,0,0,0,0
"FG Kuglitsch, A Toreti, E Xoplaki… - Geophysical …, 2010 - Wiley Online Library",Heat wave changes in the eastern Mediterranean since 1960,"FG Kuglitsch, A Toreti, E Xoplaki… - Geophysical …, 2010 - Wiley Online Library","FG Kuglitsch, A Toreti, E Xoplaki… - Geophysical …, 2010 - Wiley Online Library",[PDF] wiley.comFull View,https://agupubs.onlinelibrary.wiley.com/doi/abs/10.1029/2009GL041841,"… ), of the longest heat wave per summer is calculated. We also focus on changes in heat wave 
… of summer heat waves per year, and the heat wave length (HWL 95 , in days) of all summer …",,0,0,0,0,0,0,0,0,0,0,0
"SM Bernard, MA McGeehin - American journal of …, 2004 - ajph.aphapublications.org",Municipal heat wave response plans,"SM Bernard, MA McGeehin - American journal of …, 2004 - ajph.aphapublications.org","SM Bernard, MA McGeehin - American journal of …, 2004 - ajph.aphapublications.org",[PDF] aphapublications.orgFull View,https://ajph.aphapublications.org/doi/abs/10.2105/AJPH.94.9.1520,"… Heat wave planning should be organized around a few … in reducing heat-related mortality 
during recent heat waves. … Comprehensive heat response requires involvement of many …",,0,0,0,0,0,0,0,0,0,0,0
"S Hajat, B Armstrong, M Baccini, A Biggeri, L Bisanti… - Epidemiology, 2006 - JSTOR",Impact of high temperatures on mortality: is there an added heat wave effect?,"S Hajat, B Armstrong, M Baccini, A Biggeri, L Bisanti… - Epidemiology, 2006 - JSTOR","S Hajat, B Armstrong, M Baccini, A Biggeri, L Bisanti… - Epidemiology, 2006 - JSTOR",Save Cite Cited by 523 Related articles All 13 versions  ,https://www.jstor.org/stable/20486291,"… hot weather using a generalized estimating equations approach. We modeled temperature 
and specific heat wave … an identified threshold, an additional ""heat wave"" effect of 5.5% was …",,0,0,0,0,0,0,0,0,0,0,0
"IJ Dwyer, SJE Barry, I Megiddo, CJ White - International journal of …, 2022 - Springer",Evaluations of heat action plans for reducing the health impacts of extreme heat: methodological developments (2012–2021) and remaining challenges,"IJ Dwyer, SJE Barry, I Megiddo, CJ White - International journal of …, 2022 - Springer","IJ Dwyer, SJE Barry, I Megiddo, CJ White - International journal of …, 2022 - Springer",[HTML] springer.com,https://link.springer.com/article/10.1007/s00484-022-02326-x,"… In this study, we collated evaluations of heat-health action plans that assessed their 
effectiveness in reducing the adverse health outcomes of hot weather extremes. We examined 11 …","Australia, Canada, Switzerland, China, Spain, France, United Kingdom, Greenland, India, Iran, Italy, Mali, New Zealand, Portugal",1,1,0,0,0,0,1,0,0,0,0
"JJ Hess, S Lm, K Knowlton, S Saha, P Dutta… - … of environmental and …, 2018 - hindawi.com",Building resilience to climate change: pilot evaluation of the impact of India's first heat action plan on all-cause mortality,"JJ Hess, S Lm, K Knowlton, S Saha, P Dutta… - … of environmental and …, 2018 - hindawi.com","JJ Hess, S Lm, K Knowlton, S Saha, P Dutta… - … of environmental and …, 2018 - hindawi.com",[HTML] hindawi.com,https://www.hindawi.com/journals/jeph/2018/7973519/abs/,"… In low- and middle-income countries, there are very few heat action plans and there is a lack 
of … Our results indicate that that heat action plans may be effective in protecting vulnerable …","Switzerland, Germany, France, Greenland, Hong Kong, India, Italy, United States",1,1,0,0,0,1,1,0,0,0,0
"T Benmarhnia, Z Bailey, D Kaiser… - Environmental …, 2016 - ehp.niehs.nih.gov","A difference-in-differences approach to assess the effect of a heat action plan on heat-related mortality, and differences in effectiveness according to sex, age, and …","T Benmarhnia, Z Bailey, D Kaiser… - Environmental …, 2016 - ehp.niehs.nih.gov","T Benmarhnia, Z Bailey, D Kaiser… - Environmental …, 2016 - ehp.niehs.nih.gov",[PDF] nih.gov,https://ehp.niehs.nih.gov/doi/abs/10.1289/EHP203,"… We found some evidence that the heat action plan implemented in Montreal in 2004 
contributed to reduce mortality overall on hot days between 2004 and 2007. Furthermore, we …",,0,0,0,0,0,0,0,0,0,0,0
"KL Ebi - Environmental Research Letters, 2019 - iopscience.iop.org",Effective heat action plans: research to interventions,"KL Ebi - Environmental Research Letters, 2019 - iopscience.iop.org","KL Ebi - Environmental Research Letters, 2019 - iopscience.iop.org",[PDF] iop.orgFull View,https://iopscience.iop.org/article/10.1088/1748-9326/ab5ab0/meta,"… responsible for designing and implementing heat action plans, to ensure research is 
effectively targeted to further reduce heat-related morbidity and mortality in a changing climate. …",,0,0,0,0,0,0,0,0,0,0,0
"M Guardaro, M Messerschmidt, DM Hondula… - Cities, 2020 - Elsevier",Building community heat action plans story by story: A three neighborhood case study,"M Guardaro, M Messerschmidt, DM Hondula… - Cities, 2020 - Elsevier","M Guardaro, M Messerschmidt, DM Hondula… - Cities, 2020 - Elsevier",[HTML] sciencedirect.com,https://www.sciencedirect.com/science/article/pii/S0264275120312348,"… Heat action plan compilation … Using data collected during the workshops, heat action 
plans were developed for each community by community engagement leaders with input from …",,0,0,0,0,0,0,0,0,0,0,0
"R Kotharkar, A Ghosh - Sustainable Cities and Society, 2022 - Elsevier",Progress in extreme heat management and warning systems: A systematic review of heat-health action plans (1995-2020),"R Kotharkar, A Ghosh - Sustainable Cities and Society, 2022 - Elsevier","R Kotharkar, A Ghosh - Sustainable Cities and Society, 2022 - Elsevier",Save Cite Cited by 41 Related articles  ,https://www.sciencedirect.com/science/article/pii/S2210670721007538,"… This study aims to present a systematic review of extreme heat management and planning 
systems/action plans in the form of existing HAPs, HHAPs and HHWS/HEWS. A plan is …",,0,0,0,0,0,0,0,0,0,0,0
"…, Ahmedabad Heat and Climate Study Group - International journal of …, 2014 - mdpi.com","Development and implementation of South Asia's first heat-health action plan in Ahmedabad (Gujarat, India)","…, Ahmedabad Heat and Climate Study Group - International journal of …, 2014 - mdpi.com","…, Ahmedabad Heat and Climate Study Group - International journal of …, 2014 - mdpi.com",[HTML] mdpi.com,https://www.mdpi.com/1660-4601/11/4/3473,"… effort include a Heat Action Plan (HAP), and an extreme heat early warning … Heat Action 
Plan The HAP was developed as an administrative tool that would define different levels of heat …","Bangladesh, Brazil, Canada, Switzerland, China, Georgia, India, Oman, Pakistan, United States",1,1,0,0,0,1,1,0,0,0,0
"F Matthies, G Bickler, NC Marín - 2008 - books.google.com",Heat-health action plans: guidance,"F Matthies, G Bickler, NC Marín - 2008 - books.google.com","F Matthies, G Bickler, NC Marín - 2008 - books.google.com",[PDF] who.int,https://books.google.com/books?hl=en&lr=&id=iMZbfQn_4akC&oi=fnd&pg=PA1&dq=heat++action++plan&ots=s1lPXolIvm&sig=BG683-8W0o45sY2L7HhSWF_ZQBA,"… the summer are suggested in preparation for and during heat-waves as part of a structured 
heat–health action plan. The reduction of heat–health effects will be most effective, however, …",,0,0,0,0,0,0,1,0,0,0,0
"M Parsaee, MM Joybari, PA Mirzaei… - … technology & innovation, 2019 - Elsevier","Urban heat island, urban climate maps and urban development policies and action plans","M Parsaee, MM Joybari, PA Mirzaei… - … technology & innovation, 2019 - Elsevier","M Parsaee, MM Joybari, PA Mirzaei… - … technology & innovation, 2019 - Elsevier",Save Cite Cited by 84 Related articles All 3 versions  ,https://www.sciencedirect.com/science/article/pii/S2352186418304541,"… of urban heat island (UHI) … action plans (UDP/AP). The paper critically reviews the knowledge 
of the UHI and UCMs to identify the major shortcomings in the production of action plans. …",,0,0,0,0,0,0,0,0,0,0,0
"T Benmarhnia, S Alexander, K Price… - Critical Public …, 2018 - Taylor & Francis",The heterogeneity of vulnerability in public health: a heat wave action plan as a case study,"T Benmarhnia, S Alexander, K Price… - Critical Public …, 2018 - Taylor & Francis","T Benmarhnia, S Alexander, K Price… - Critical Public …, 2018 - Taylor & Francis",Save Cite Cited by 10 Related articles All 2 versions  ,https://www.tandfonline.com/doi/abs/10.1080/09581596.2017.1322176,"… in the context of a heat action plan in Montreal. We found … heat action plan measures and 
their perspectives regarding the appropriateness of specific measures in the heat action plan. …",,0,0,0,0,0,0,0,0,0,0,0
"A Casanueva, A Burgstall, S Kotlarski… - … and public health, 2019 - mdpi.com",Overview of existing heat-health warning systems in Europe,"A Casanueva, A Burgstall, S Kotlarski… - … and public health, 2019 - mdpi.com","A Casanueva, A Burgstall, S Kotlarski… - … and public health, 2019 - mdpi.com",[PDF] mdpi.com,https://www.mdpi.com/1660-4601/16/15/2657,"… European heat-health warning systems and heat-health action … heat-health warning systems, 
such as the one currently under development in the framework of the Horizon 2020 HEAT-…","Austria, Australia, Belgium, Belarus, Canada, Switzerland, Germany, Denmark, Spain, France, Georgia, Greece, Hong Kong, Hungary, India, Italy, North Macedonia, Niger, Netherlands, Oman, Peru, Portugal, Romania, Sweden, Slovenia, United States",1,1,0,0,0,0,1,0,0,0,0
"M Loughnan, N Nicholls… - International Journal of …, 2012 - downloads.hindawi.com",Mapping heat health risks in urban areas,"M Loughnan, N Nicholls… - International Journal of …, 2012 - downloads.hindawi.com","M Loughnan, N Nicholls… - International Journal of …, 2012 - downloads.hindawi.com",[PDF] hindawi.com,https://downloads.hindawi.com/archive/2012/518687.pdf,"… , demographic, and health-related risk factors for heat stress. The spatial variations in … 
heat-related health outcomes in urban Melbourne. The index was weighted using measured health …","Cuba, Iraq, Japan, Togo",0,0,0,0,0,0,0,0,0,0,0
"RS Kovats, S Hajat - Annu. Rev. Public Health, 2008 - annualreviews.org",Heat stress and public health: a critical review,"RS Kovats, S Hajat - Annu. Rev. Public Health, 2008 - annualreviews.org","RS Kovats, S Hajat - Annu. Rev. Public Health, 2008 - annualreviews.org",[HTML] annualreviews.org,https://www.annualreviews.org/doi/abs/10.1146/annurev.publhealth.29.020907.090843,"… Heat health protection strategies require further research to identify those that are truly 
effective in reducing mortality due to heat waves. The limited epidemiological evidence suggests …",,0,0,0,0,0,0,0,0,0,0,0
"J Yardley, RJ Sigal, GP Kenny - Global Environmental Change, 2011 - Elsevier",Heat health planning: The importance of social and community factors,"J Yardley, RJ Sigal, GP Kenny - Global Environmental Change, 2011 - Elsevier","J Yardley, RJ Sigal, GP Kenny - Global Environmental Change, 2011 - Elsevier",[PDF] itkesmusidrap.ac.id,https://www.sciencedirect.com/science/article/pii/S0959378010001135,"… affect heat-related morbidity and mortality in order to identify shortfalls in current heat health 
… affecting the risk of heat-related illness and mortality, these are rarely, if ever, identified as …",,0,0,0,0,0,0,0,0,0,0,0
"J Tan, LS Kalkstein, J Huang, S Lin, H Yin… - International Journal of …, 2004 - Springer",An operational heat/health warning system in Shanghai,"J Tan, LS Kalkstein, J Huang, S Lin, H Yin… - International Journal of …, 2004 - Springer","J Tan, LS Kalkstein, J Huang, S Lin, H Yin… - International Journal of …, 2004 - Springer",[PDF] udel.edu,https://link.springer.com/article/10.1007/s00484-003-0193-z,"… areas, and it is our belief that an operational heat/health watch/warning system can be used 
to save lives and lessen the negative impact of heat waves. The watch/warning systems are …","Switzerland, China, Japan, Kenya",0,1,0,0,0,0,0,0,0,0,0
"M Pascal, K Laaidi, M Ledrans, E Baffert… - International journal of …, 2006 - Springer",France's heat health watch warning system,"M Pascal, K Laaidi, M Ledrans, E Baffert… - International journal of …, 2006 - Springer","M Pascal, K Laaidi, M Ledrans, E Baffert… - International journal of …, 2006 - Springer",[PDF] academia.edu,https://link.springer.com/article/10.1007/s00484-005-0003-x,"… exhaustion with dehydration to severe heat strokes and death. Heat strokes can occur 
less than … The lag time between heat exposure and indirect health effects depends on pre-existing …","Belgium, Spain, Finland, France, Jordan, Kenya",1,1,0,0,0,0,0,0,0,0,0
"CJ Tomlinson, L Chapman… - … of health …, 2011 - ij-healthgeographics.biomedcentral …","Including the urban heat island in spatial heat health risk assessment strategies: a case study for Birmingham, UK","CJ Tomlinson, L Chapman… - … of health …, 2011 - ij-healthgeographics.biomedcentral …","CJ Tomlinson, L Chapman… - … of health …, 2011 - ij-healthgeographics.biomedcentral …",[HTML] biomedcentral.com,https://ij-healthgeographics.biomedcentral.com/articles/10.1186/1476-072X-10-42,"… techniques [40, 41] has allowed the spatial extent of the UHI to be measured at a higher 
resolution than previously, and this paper focuses on using this data for heat health risk studies. …","Australia, Brazil, Canada, Switzerland, Chile, China, Spain, France, United Kingdom, Greece, Italy, Japan, Mexico, Netherlands, Peru, Portugal, United States",1,1,0,0,0,0,0,0,0,0,0
"M Ellena, M Breil, S Soriani - Urban Climate, 2020 - Elsevier",The heat-health nexus in the urban context: A systematic literature review exploring the socio-economic vulnerabilities and built environment characteristics,"M Ellena, M Breil, S Soriani - Urban Climate, 2020 - Elsevier","M Ellena, M Breil, S Soriani - Urban Climate, 2020 - Elsevier",[HTML] sciencedirect.com,https://www.sciencedirect.com/science/article/pii/S2212095520301176,"… pattern of current and future human health risk in the next future in … health risk due to 
heat in diversified intra-urban context is necessary to improve our understanding of the heat-health …",,0,0,0,0,0,0,0,0,0,0,0
"S Hajat, SC Sheridan, MJ Allen… - … of public health, 2010 - ajph.aphapublications.org",Heat–health warning systems: a comparison of the predictive capacity of different approaches to identifying dangerously hot days,"S Hajat, SC Sheridan, MJ Allen… - … of public health, 2010 - ajph.aphapublications.org","S Hajat, SC Sheridan, MJ Allen… - … of public health, 2010 - ajph.aphapublications.org",[PDF] aphapublications.orgFull View,https://ajph.aphapublications.org/doi/abs/10.2105/AJPH.2009.169748,"… several heat–health warning systems to predict days of heat-… of the relationship between heat 
and health. For example, … models of heat stress and known physiologic effects of heat fluxes…",,0,0,0,0,0,0,0,0,0,0,0
"S Singh, EG Hanna, T Kjellstrom - Health promotion international, 2015 - academic.oup.com",Working in Australia's heat: Health promotion concerns for health and productivity,"S Singh, EG Hanna, T Kjellstrom - Health promotion international, 2015 - academic.oup.com","S Singh, EG Hanna, T Kjellstrom - Health promotion international, 2015 - academic.oup.com",[HTML] oup.com,https://academic.oup.com/heapro/article-abstract/30/2/239/561863,"… whether heat exposure is an emerging occupational health and safety (OHS) hazard in 
need of attention across health promotion and health protection realms to reduce health risk. …",,0,0,0,0,0,0,0,0,0,0,0
"KL Ebi - Journal of Risk Research, 2007 - Taylor & Francis",Towards an early warning system for heat events,"KL Ebi - Journal of Risk Research, 2007 - Taylor & Francis","KL Ebi - Journal of Risk Research, 2007 - Taylor & Francis",[PDF] researchgate.net,https://www.tandfonline.com/doi/abs/10.1080/13669870701447972,"… For example, some heat event early warning systems in the … that a heat event could arise, 
and a warning that indicates a heat … terms ‘watch’ and ‘warning’ because they have been used …",,0,0,0,0,0,0,0,0,0,0,0
"JJ Hess, KL Ebi - Annals of the New York Academy of Sciences, 2016 - Wiley Online Library",Iterative management of heat early warning systems in a changing climate,"JJ Hess, KL Ebi - Annals of the New York Academy of Sciences, 2016 - Wiley Online Library","JJ Hess, KL Ebi - Annals of the New York Academy of Sciences, 2016 - Wiley Online Library",Save Cite Cited by 61 Related articles All 5 versions  ,https://nyaspubs.onlinelibrary.wiley.com/doi/abs/10.1111/nyas.13258,"… Extreme heat is a leading weather-related cause of morbidity and mortality, with heat … The 
use of heat early warning and response systems (HEWSs) that integrate weather forecasts with …",,0,0,0,0,0,0,0,0,0,0,0
"S McElroy, L Schwarz, H Green, I Corcos… - Science of the total …, 2020 - Elsevier",Defining heat waves and extreme heat events using sub-regional meteorological data to maximize benefits of early warning systems to population health,"S McElroy, L Schwarz, H Green, I Corcos… - Science of the total …, 2020 - Elsevier","S McElroy, L Schwarz, H Green, I Corcos… - Science of the total …, 2020 - Elsevier",[PDF] ucsd.edu,https://www.sciencedirect.com/science/article/pii/S004896972031189X,"… early warning systems by examining the heat-health relationship within the three climate 
zones compared to the entire county climate thresholds to indicate the importance of local heat …",,0,0,0,0,0,0,0,0,0,0,0
"A Vaidyanathan, S Saha… - Proceedings of the …, 2019 - National Acad Sciences",Assessment of extreme heat and hospitalizations to inform early warning systems,"A Vaidyanathan, S Saha… - Proceedings of the …, 2019 - National Acad Sciences","A Vaidyanathan, S Saha… - Proceedings of the …, 2019 - National Acad Sciences",[PDF] pnas.orgFull View,https://www.pnas.org/doi/abs/10.1073/pnas.1806393116,"… Heat early warning systems and action plans have been shown to reduce risks of heat … 
This evaluation provides useful information for heat early warning system and action plan …",,0,0,0,0,0,0,0,0,0,0,0
"A Casanueva, A Burgstall, S Kotlarski… - International journal of …, 2019 - mdpi.com",Overview of existing heat-health warning systems in Europe,"A Casanueva, A Burgstall, S Kotlarski… - International journal of …, 2019 - mdpi.com","A Casanueva, A Burgstall, S Kotlarski… - International journal of …, 2019 - mdpi.com",[PDF] mdpi.com,https://www.mdpi.com/1660-4601/16/15/2657,"… , describes the heat early warning and heat action for … early warning system and inter-agency 
coordination, (3) capacity building among health care professionals and (4) reducing heat …","Austria, Australia, Belgium, Belarus, Canada, Switzerland, Germany, Denmark, Spain, France, Georgia, Greece, Hong Kong, Hungary, India, Italy, North Macedonia, Niger, Netherlands, Oman, Peru, Portugal, Romania, Sweden, Slovenia, United States",1,1,0,0,0,0,1,0,0,0,0
"FS Kanti, A Alari, B Chaix, T Benmarhnia - Environmental research, 2022 - Elsevier",Comparison of various heat waves definitions and the burden of heat-related mortality in France: Implications for existing early warning systems,"FS Kanti, A Alari, B Chaix, T Benmarhnia - Environmental research, 2022 - Elsevier","FS Kanti, A Alari, B Chaix, T Benmarhnia - Environmental research, 2022 - Elsevier",[PDF] hal.science,https://www.sciencedirect.com/science/article/pii/S0013935122016863,"… the set of extreme heat conditions that drive the highest health burden in a given geographical 
context is particularly helpful when designing or updating heat early warning systems. …",,0,0,0,0,0,0,0,0,0,0,0
"W Yi, APC Chan, X Wang, J Wang - Automation in Construction, 2016 - Elsevier",Development of an early-warning system for site work in hot and humid environments: A case study,"W Yi, APC Chan, X Wang, J Wang - Automation in Construction, 2016 - Elsevier","W Yi, APC Chan, X Wang, J Wang - Automation in Construction, 2016 - Elsevier",Save Cite Cited by 137 Related articles All 10 versions  ,https://www.sciencedirect.com/science/article/pii/S0926580515002289,"… This study presents an early-warning system for working in hot and humid environment. The 
developed system can monitor workers' heat strain level when they have to work under such …",,0,0,0,0,0,0,0,0,0,0,0
"KL Ebi, JK Schmier - Epidemiologic reviews, 2005 - academic.oup.com",A stitch in time: improving public health early warning systems for extreme weather events,"KL Ebi, JK Schmier - Epidemiologic reviews, 2005 - academic.oup.com","KL Ebi, JK Schmier - Epidemiologic reviews, 2005 - academic.oup.com",[PDF] oup.com,https://academic.oup.com/epirev/article-abstract/27/1/115/520819,"… For example, some heat wave early warning systems in the United States have two levels 
of … such that a heat wave could arise, and a “warning,” which indicates that a heat wave has …",,0,0,0,0,0,0,0,0,0,0,0
"A Matzarakis, G Laschewski, S Muthers - Atmosphere, 2020 - mdpi.com",The heat health warning system in Germany—Application and warnings for 2005 to 2019,"A Matzarakis, G Laschewski, S Muthers - Atmosphere, 2020 - mdpi.com","A Matzarakis, G Laschewski, S Muthers - Atmosphere, 2020 - mdpi.com",[PDF] mdpi.com,https://www.mdpi.com/2073-4433/11/2/170,"… of an advanced procedure known as a “heat health warning system” (HHWS). It is aimed at 
… heat health warning systems as a consequence of the 2003 heat waves. Specific periods of …","Austria, Belgium, Switzerland, Germany, Spain, France, Georgia, Greece, Hungary, Italy, North Macedonia, Mali, Netherlands, Oman, Poland, Portugal, Romania, Sweden, Slovenia",0,1,0,0,0,0,0,0,0,0,0
"R Lowe, M García-Díez, J Ballester, J Creswick… - International journal of …, 2016 - mdpi.com",Evaluation of an early-warning system for heat wave-related mortality in Europe: Implications for sub-seasonal to seasonal forecasting and climate services,"R Lowe, M García-Díez, J Ballester, J Creswick… - International journal of …, 2016 - mdpi.com","R Lowe, M García-Díez, J Ballester, J Creswick… - International journal of …, 2016 - mdpi.com",[PDF] mdpi.com,https://www.mdpi.com/1660-4601/13/2/206,"… climate-resilient health systems. A HHAP relies on early-warning systems for timely activation 
… These results are promising for the development of more localised early warning systems. …","Switzerland, China, Germany, Denmark, Spain, France, United Kingdom, Georgia, India, Italy, Mali, Niger, Oman, Slovenia, Chad, Taiwan, United States",1,1,0,0,0,0,1,0,0,0,0
"F Matthies, G Bickler, NC Marín - 2008 - books.google.com",Heat-health action plans: guidance,"F Matthies, G Bickler, NC Marín - 2008 - books.google.com","F Matthies, G Bickler, NC Marín - 2008 - books.google.com",[PDF] who.int,https://books.google.com/books?hl=en&lr=&id=iMZbfQn_4akC&oi=fnd&pg=PA1&dq=heat-health+action+plan&ots=s1lPXolIwf&sig=Qxt2TSisD9dALYdrfdnef_Ec_sY,"… planning and ensuring that health care and social systems are ready to act. These actions 
can be integrated into a defined heat–health action plan. … of heat–health action plans, their …",,0,0,0,0,0,0,1,0,0,0,0
"R Kotharkar, A Ghosh - Sustainable Cities and Society, 2022 - Elsevier",Progress in extreme heat management and warning systems: A systematic review of heat-health action plans (1995-2020),"R Kotharkar, A Ghosh - Sustainable Cities and Society, 2022 - Elsevier","R Kotharkar, A Ghosh - Sustainable Cities and Society, 2022 - Elsevier",Save Cite Cited by 41 Related articles  ,https://www.sciencedirect.com/science/article/pii/S2210670721007538,"… and sub-national heat-health prevention and research efforts. In 2008, the WHO 
Regional Office for Europe developed and published guidance on heat-health action plans (HHAPs). …",,0,0,0,0,0,0,0,0,0,0,0
"GS Martinez, C Linares, A Ayuso, V Kendrovski… - Environmental …, 2019 - Elsevier",Heat-health action plans in Europe: Challenges ahead and how to tackle them,"GS Martinez, C Linares, A Ayuso, V Kendrovski… - Environmental …, 2019 - Elsevier","GS Martinez, C Linares, A Ayuso, V Kendrovski… - Environmental …, 2019 - Elsevier",[PDF] researchgate.net,https://www.sciencedirect.com/science/article/pii/S0013935119303457,"… a comprehensive framework for prevention, the heat-health action plans (HHAPs). This … 
exposure; acclimatization and adaptation; heat-health governance and stakeholder involvement; …",,0,0,0,0,0,0,0,0,0,0,0
"K Knowlton, SP Kulkarni, GS Azhar… - International journal of …, 2014 - mdpi.com","Development and implementation of South Asia's first heat-health action plan in Ahmedabad (Gujarat, India)","K Knowlton, SP Kulkarni, GS Azhar… - International journal of …, 2014 - mdpi.com","K Knowlton, SP Kulkarni, GS Azhar… - International journal of …, 2014 - mdpi.com",[HTML] mdpi.com,https://www.mdpi.com/1660-4601/11/4/3473,"… heat action plan for Ahmedabad. Its specific objectives were: (1) to assess heat-health impacts 
… project, offer details on the first heat-health action plan implemented in a South Asian city, …","Bangladesh, Brazil, Canada, Switzerland, China, Georgia, India, Oman, Pakistan, United States",1,1,0,0,0,1,1,0,0,0,0
"GS Martinez, V Kendrovski, MA Salazar… - Environmental …, 2022 - Elsevier",Heat-health action planning in the WHO European Region: Status and policy implications,"GS Martinez, V Kendrovski, MA Salazar… - Environmental …, 2022 - Elsevier","GS Martinez, V Kendrovski, MA Salazar… - Environmental …, 2022 - Elsevier",Save Cite Cited by 9 Related articles All 8 versions  ,https://www.sciencedirect.com/science/article/pii/S0013935122010362,"… Several European countries have implemented heat health action plans (HHAPs) to prevent 
ill health and excess mortality from heat. This paper assesses the state of implementation of …",,0,0,0,0,0,0,0,0,0,0,0
"MS Ragettli, M Röösli - Bundesgesundheitsblatt-Gesundheitsforschung …, 2019 - Springer",Heat-health action plans to prevent heat-related deaths—experiences from Switzerland,"MS Ragettli, M Röösli - Bundesgesundheitsblatt-Gesundheitsforschung …, 2019 - Springer","MS Ragettli, M Röösli - Bundesgesundheitsblatt-Gesundheitsforschung …, 2019 - Springer",Save Cite Cited by 5 Related articles All 5 versions  ,https://link.springer.com/article/10.1007/s00103-019-02928-8,"… of Ticino have developed heat-health action plans. Such plans integrate and coordinate 
the … Analyses show that heat-health action plans have contributed to the prevention of heat-…","Switzerland, Kenya",1,1,0,0,0,0,1,0,0,0,0
"A Casanueva, A Burgstall, S Kotlarski… - International journal of …, 2019 - mdpi.com",Overview of existing heat-health warning systems in Europe,"A Casanueva, A Burgstall, S Kotlarski… - International journal of …, 2019 - mdpi.com","A Casanueva, A Burgstall, S Kotlarski… - International journal of …, 2019 - mdpi.com",[PDF] mdpi.com,https://www.mdpi.com/1660-4601/16/15/2657,"… Here we present a state-of-the-art review of HHWSs and heat-health action plans (HHAPs) 
of 16 countries, based on existing literature, web research and direct contact to National …","Austria, Australia, Belgium, Belarus, Canada, Switzerland, Germany, Denmark, Spain, France, Georgia, Greece, Hong Kong, Hungary, India, Italy, North Macedonia, Niger, Netherlands, Oman, Peru, Portugal, Romania, Sweden, Slovenia, United States",1,1,0,0,0,0,1,0,0,0,0
"HC Ho, K Lau, C Ren, D Wang - Environmental Science and Pollution …, 2022 - Springer",Systematic identification of heat events associated with emergency admissions to enhance the heat-health action plan in a subtropical city: a data-driven approach,"HC Ho, K Lau, C Ren, D Wang - Environmental Science and Pollution …, 2022 - Springer","HC Ho, K Lau, C Ren, D Wang - Environmental Science and Pollution …, 2022 - Springer",[PDF] cuhk.edu.hk,https://link.springer.com/article/10.1007/s11356-022-21963-8,"… Reduction (UNDRR), a heat-health action plan should address various impacts of hazards 
… ) in Hong Kong in order to enhance the heat-health action plan. Immediate, short-term, and …","Australia, Canada, Switzerland, China, Spain, France, United Kingdom, Hong Kong, Japan, Kenya, Malaysia, Sweden, Thailand",1,1,0,0,0,0,1,0,1,0,0
"HC Çulpan, Ü Şahin, G Can - Atmosphere, 2022 - mdpi.com",A Step to Develop Heat-Health Action Plan: Assessing Heat Waves' Impacts on Mortality,"HC Çulpan, Ü Şahin, G Can - Atmosphere, 2022 - mdpi.com","HC Çulpan, Ü Şahin, G Can - Atmosphere, 2022 - mdpi.com",[HTML] mdpi.com,https://www.mdpi.com/2073-4433/13/12/2126,"… the implementation of Heat-Health Action Plans, which … the health system, and improvements 
in urban planning [15]. … Therefore, there is a need for local and national action plans …","Australia, Canada, Switzerland, Denmark, Spain, France, Georgia, India, Iran, Mali, Oman, Pakistan, Turkey, United States",1,1,0,0,0,0,1,0,0,0,0
"M Pascal, K Laaidi, M Ledrans, E Baffert… - International journal of …, 2006 - Springer",France's heat health watch warning system,"M Pascal, K Laaidi, M Ledrans, E Baffert… - International journal of …, 2006 - Springer","M Pascal, K Laaidi, M Ledrans, E Baffert… - International journal of …, 2006 - Springer",[PDF] academia.edu,https://link.springer.com/article/10.1007/s00484-005-0003-x,"… A national action plan was set up, using this watch warning … by the set up of an Action Plan 
in Marseille, after the 1983 event, … that the activation of the action plan is not totally unjustified. …","Belgium, Spain, Finland, France, Jordan, Kenya",1,1,0,0,0,0,0,0,0,0,0
"A Casanueva, A Burgstall, S Kotlarski… - International journal of …, 2019 - mdpi.com",Overview of existing heat-health warning systems in Europe,"A Casanueva, A Burgstall, S Kotlarski… - International journal of …, 2019 - mdpi.com","A Casanueva, A Burgstall, S Kotlarski… - International journal of …, 2019 - mdpi.com",[PDF] mdpi.com,https://www.mdpi.com/1660-4601/16/15/2657,"… development of heat-health warning systems and action plans … of 16 European heat-health 
warning systems and heat-health … the way for future heat-health warning systems, such as the …","Austria, Australia, Belgium, Belarus, Canada, Switzerland, Germany, Denmark, Spain, France, Georgia, Greece, Hong Kong, Hungary, India, Italy, North Macedonia, Niger, Netherlands, Oman, Peru, Portugal, Romania, Sweden, Slovenia, United States",1,1,0,0,0,0,1,0,0,0,0
"J Tan, LS Kalkstein, J Huang, S Lin, H Yin… - International Journal of …, 2004 - Springer",An operational heat/health warning system in Shanghai,"J Tan, LS Kalkstein, J Huang, S Lin, H Yin… - International Journal of …, 2004 - Springer","J Tan, LS Kalkstein, J Huang, S Lin, H Yin… - International Journal of …, 2004 - Springer",[PDF] udel.edu,https://link.springer.com/article/10.1007/s00484-003-0193-z,"… it is our belief that an operational heat/health watch/warning system can be used to save 
lives and lessen the negative impact of heat waves. The watch/warning systems are based on a …","Switzerland, China, Japan, Kenya",0,1,0,0,0,0,0,0,0,0,0
"S Hajat, SC Sheridan, MJ Allen… - … journal of public …, 2010 - ajph.aphapublications.org",Heat–health warning systems: a comparison of the predictive capacity of different approaches to identifying dangerously hot days,"S Hajat, SC Sheridan, MJ Allen… - … journal of public …, 2010 - ajph.aphapublications.org","S Hajat, SC Sheridan, MJ Allen… - … journal of public …, 2010 - ajph.aphapublications.org",[PDF] aphapublications.orgFull View,https://ajph.aphapublications.org/doi/abs/10.2105/AJPH.2009.169748,"… We compared the ability of several heat–health warning systems to predict days of heat-… 
Heat–health warning systems initiate emergency public health interventions once forecasts have …",,0,0,0,0,0,0,0,0,0,0,0
"A Matzarakis, G Laschewski, S Muthers - Atmosphere, 2020 - mdpi.com",The heat health warning system in Germany—Application and warnings for 2005 to 2019,"A Matzarakis, G Laschewski, S Muthers - Atmosphere, 2020 - mdpi.com","A Matzarakis, G Laschewski, S Muthers - Atmosphere, 2020 - mdpi.com",[PDF] mdpi.com,https://www.mdpi.com/2073-4433/11/2/170,"… and warned by means of an advanced procedure known as a “heat health warning system 
(… European countries have implemented heat health warning systems as a consequence of …","Austria, Belgium, Switzerland, Germany, Spain, France, Georgia, Greece, Hungary, Italy, North Macedonia, Mali, Netherlands, Oman, Poland, Portugal, Romania, Sweden, Slovenia",0,1,0,0,0,0,0,0,0,0,0
"R Kotharkar, A Ghosh - Sustainable Cities and Society, 2022 - Elsevier",Progress in extreme heat management and warning systems: A systematic review of heat-health action plans (1995-2020),"R Kotharkar, A Ghosh - Sustainable Cities and Society, 2022 - Elsevier","R Kotharkar, A Ghosh - Sustainable Cities and Society, 2022 - Elsevier",Save Cite Cited by 41 Related articles  ,https://www.sciencedirect.com/science/article/pii/S2210670721007538,"… developing and installing heat-health warning systems (HHWSs). In … of public attention and 
amplified heat-health research. It led to … and sub-national heat-health frameworks worldwide. …",,0,0,0,0,0,0,0,0,0,0,0
"M Pascal, K Laaidi, M Ledrans, E Baffert… - International journal of …, 2006 - Springer",France's heat health watch warning system,"M Pascal, K Laaidi, M Ledrans, E Baffert… - International journal of …, 2006 - Springer","M Pascal, K Laaidi, M Ledrans, E Baffert… - International journal of …, 2006 - Springer",[PDF] academia.edu,https://link.springer.com/article/10.1007/s00484-005-0003-x,"In 2003, a Heat Health Watch Warning System was developed in France to anticipate heat 
waves that may result in a large excess of mortality. The system was developed on the basis …","Belgium, Spain, Finland, France, Jordan, Kenya",1,1,0,0,0,0,0,0,0,0,0
"T Li, C Chen, W Cai - The Lancet, 2022 - thelancet.com",The global need for smart heat–health warning systems,"T Li, C Chen, W Cai - The Lancet, 2022 - thelancet.com","T Li, C Chen, W Cai - The Lancet, 2022 - thelancet.com",Save Cite Cited by 5 Related articles All 3 versions  ,https://www.thelancet.com/journals/lancet/article/PIIS0140-6736(22)01974-2/fulltext,"… ment of smart heat–health warning systems in both highincome and … warning system with 
full coverage of heat– health risk management, which allows identification of automatic warning …",,0,0,0,0,0,0,0,0,0,0,0
"M Morabito, A Messeri, P Noti, A Casanueva… - International journal of …, 2019 - mdpi.com",An occupational heat–health warning system for Europe: the HEAT-SHIELD platform,"M Morabito, A Messeri, P Noti, A Casanueva… - International journal of …, 2019 - mdpi.com","M Morabito, A Messeri, P Noti, A Casanueva… - International journal of …, 2019 - mdpi.com",[PDF] mdpi.com,https://www.mdpi.com/1660-4601/16/16/2890,"… Existing heat–health warning systems focus on warning vulnerable groups in order to 
reduce mortality. However, human health and performance are affected at much lower …","Belgium, Canada, Switzerland, China, Germany, Denmark, Spain, France, Georgia, Greece, Croatia, Italy, Japan, Malaysia, Niger, Netherlands, Oman, Saudi Arabia, Slovenia, Chad",1,1,0,0,0,0,1,0,0,0,0
"LS Kalkstein, SC Sheridan, AJ Kalkstein - Biometeorology for adaptation …, 2009 - Springer","Heat/health warning systems: development, implementation, and intervention activities","LS Kalkstein, SC Sheridan, AJ Kalkstein - Biometeorology for adaptation …, 2009 - Springer","LS Kalkstein, SC Sheridan, AJ Kalkstein - Biometeorology for adaptation …, 2009 - Springer",[PDF] researchgate.net,https://link.springer.com/chapter/10.1007/978-1-4020-8921-3_3,"… Kalkstein, LS, 2002: Description of our heat/health watch warning systems: their nature and 
… Kalkstein, LS, 2006: Heat and health: methodological considerations for warning system …","Canada, Denmark, France, Italy, Kenya, Netherlands, New Zealand, Peru, Portugal, Slovakia, United States",1,1,0,0,0,0,0,0,0,0,0
"AJ Kalkstein, SC Sheridan - International journal of biometeorology, 2007 - Springer","The social impacts of the heat–health watch/warning system in Phoenix, Arizona: assessing the perceived risk and response of the public","AJ Kalkstein, SC Sheridan - International journal of biometeorology, 2007 - Springer","AJ Kalkstein, SC Sheridan - International journal of biometeorology, 2007 - Springer",[PDF] asu.edu,https://link.springer.com/article/10.1007/s00484-006-0073-4,"… Furthermore, a new heat warning system has been developed based … heat–health research, 
there have been very few studies examining the social response to heat and heat warnings. …","Kenya, United States",0,1,0,0,0,0,0,0,0,0,0
"R Kotharkar, A Ghosh - Sustainable Cities and Society, 2022 - Elsevier",Progress in extreme heat management and warning systems: A systematic review of heat-health action plans (1995-2020),"R Kotharkar, A Ghosh - Sustainable Cities and Society, 2022 - Elsevier","R Kotharkar, A Ghosh - Sustainable Cities and Society, 2022 - Elsevier",Save Cite Cited by 41 Related articles  ,https://www.sciencedirect.com/science/article/pii/S2210670721007538,"… This study aims to present a systematic review of extreme heat management and planning 
systems/action plans in the form of existing HAPs, HHAPs and HHWS/HEWS. A plan is …",,0,0,0,0,0,0,0,0,0,0,0
"L Keith, S Meerow, T Wagner - Journal of Extreme Events, 2019 - World Scientific",Planning for extreme heat: a review,"L Keith, S Meerow, T Wagner - Journal of Extreme Events, 2019 - World Scientific","L Keith, S Meerow, T Wagner - Journal of Extreme Events, 2019 - World Scientific",[PDF] worldscientific.com,https://www.worldscientific.com/doi/abs/10.1142/S2345737620500037,"… “risk management” strategies (… heat resilience and conclude by identifying areas where 
scholars and practitioners can work together to advance our understanding of extreme heat …",,0,0,0,0,0,0,0,0,0,0,0
"JJ Hess, NA Errett, G McGregor… - Annual Review of …, 2023 - annualreviews.org",Public Health Preparedness for Extreme Heat Events,"JJ Hess, NA Errett, G McGregor… - Annual Review of …, 2023 - annualreviews.org","JJ Hess, NA Errett, G McGregor… - Annual Review of …, 2023 - annualreviews.org",[HTML] annualreviews.orgFull View,https://www.annualreviews.org/doi/abs/10.1146/annurev-publhealth-071421-025508,"… Extreme heat events (EHEs), commonly known as heat waves, are periods of abnormally high 
ambient temperatures. The hazard of extreme heat has … and effective management of heat-…",,0,0,0,0,0,0,0,0,0,0,0
"S Meerow, L Keith - Journal of the American Planning Association, 2022 - Taylor & Francis",Planning for extreme heat: A national survey of US planners,"S Meerow, L Keith - Journal of the American Planning Association, 2022 - Taylor & Francis","S Meerow, L Keith - Journal of the American Planning Association, 2022 - Taylor & Francis",[PDF] researchgate.net,https://www.tandfonline.com/doi/abs/10.1080/01944363.2021.1977682,"… Heat management strategies are efforts to prepare for and respond to extreme heat and 
include strategies related to energy, personal exposure, public health, and emergency …",,0,0,0,0,0,0,0,0,0,0,0
"E Oppermann, Y Strengers, C Maller… - Weather, Climate …, 2018 - journals.ametsoc.org",Beyond threshold approaches to extreme heat: Repositioning adaptation as everyday practice,"E Oppermann, Y Strengers, C Maller… - Weather, Climate …, 2018 - journals.ametsoc.org","E Oppermann, Y Strengers, C Maller… - Weather, Climate …, 2018 - journals.ametsoc.org",[HTML] ametsoc.orgFull View,https://journals.ametsoc.org/view/journals/wcas/10/4/wcas-d-17-0084_1.xml,"… Fenwick, 2016: The silent killer: Climate change and the health impacts of extreme heat. 
Climate Council of Australia Rep., 29 pp., https://www.climatecouncil.org.au/resources/…",,0,0,0,0,0,0,0,0,0,0,0
"E Mallen, B Stone, K Lanza - Urban Climate, 2019 - Elsevier","A methodological assessment of extreme heat mortality modeling and heat vulnerability mapping in Dallas, Texas","E Mallen, B Stone, K Lanza - Urban Climate, 2019 - Elsevier","E Mallen, B Stone, K Lanza - Urban Climate, 2019 - Elsevier",[PDF] gatech.edu,https://www.sciencedirect.com/science/article/pii/S2212095518300610,"… With limited resources, planners need a framework to prioritize heat management strategies 
to respond to localized heat vulnerability. Planners must be able to locate areas of high …",,0,0,0,0,0,0,0,0,0,0,0
"CJ Gabbe, G Pierce, E Petermann… - Journal of Planning …, 2021 - journals.sagepub.com",Why and how do cities plan for extreme heat?,"CJ Gabbe, G Pierce, E Petermann… - Journal of Planning …, 2021 - journals.sagepub.com","CJ Gabbe, G Pierce, E Petermann… - Journal of Planning …, 2021 - journals.sagepub.com",Save Cite Cited by 16 Related articles All 2 versions  ,https://journals.sagepub.com/doi/abs/10.1177/0739456X211053654,"… We develop an inventory of urban heat management and heat wave response strategies 
based on the literature and professional publications. We assess the presence of fourteen …",,0,0,0,0,0,0,0,0,0,0,0
"AM Fraser, MV Chester, D Eisenman - Urban Climate, 2018 - Elsevier",Strategic locating of refuges for extreme heat events (or heat waves),"AM Fraser, MV Chester, D Eisenman - Urban Climate, 2018 - Elsevier","AM Fraser, MV Chester, D Eisenman - Urban Climate, 2018 - Elsevier",[PDF] sciencedirect.com,https://www.sciencedirect.com/science/article/pii/S221209551830124X,"… of heat management plans aimed at reducing morbidity and mortality during extreme heat 
events… Access to air conditioned space is known to reduce health risks associated with heat …",,0,0,0,0,0,0,0,0,0,0,0
"LE Parker, AJ McElrone, SM Ostoja, EJ Forrestel - Plant Science, 2020 - Elsevier",Extreme heat effects on perennial crops and strategies for sustaining future production,"LE Parker, AJ McElrone, SM Ostoja, EJ Forrestel - Plant Science, 2020 - Elsevier","LE Parker, AJ McElrone, SM Ostoja, EJ Forrestel - Plant Science, 2020 - Elsevier",[PDF] sciencedirect.com,https://www.sciencedirect.com/science/article/pii/S0168945219315705,"… This literature review highlights the effects of extreme heat exposure on perennial … Finally, 
we explore available adaptive management strategies for California perennial specialty crops, …",,0,0,0,0,0,0,0,0,0,0,0
"L Keith, N Iroz-Elardo, E Austof, I Sami… - The journal of climate …, 2021 - Elsevier",Extreme heat at outdoor COVID-19 vaccination sites,"L Keith, N Iroz-Elardo, E Austof, I Sami… - The journal of climate …, 2021 - Elsevier","L Keith, N Iroz-Elardo, E Austof, I Sami… - The journal of climate …, 2021 - Elsevier",[HTML] sciencedirect.com,https://www.sciencedirect.com/science/article/pii/S2667278221000407,"… increasing the likelihood of extreme heat events, we also … management of chronic and acute 
heat risk. Federal emergency … , and emergency management perspectives to consider heat …",,0,0,0,0,0,0,0,0,0,0,0
"RZ Zaidi, M Pelling - Urban Studies, 2015 - journals.sagepub.com",Institutionally configured risk: Assessing urban resilience and disaster risk reduction to heat wave risk in London,"RZ Zaidi, M Pelling - Urban Studies, 2015 - journals.sagepub.com","RZ Zaidi, M Pelling - Urban Studies, 2015 - journals.sagepub.com",[PDF] academia.edu,https://journals.sagepub.com/doi/abs/10.1177/0042098013510957,"… constraints on the very system that this paper identifies as needing to have a greater role in 
risk management for heat waves, especially if resilience is to be built into everyday practices. …",,0,0,0,0,0,0,0,0,0,0,0
"S Das, SC Smith - Climate Change Economics, 2012 - World Scientific",Awareness as an adaptation strategy for reducing mortality from heat waves: evidence from a disaster risk management program in India,"S Das, SC Smith - Climate Change Economics, 2012 - World Scientific","S Das, SC Smith - Climate Change Economics, 2012 - World Scientific",[PDF] ids.ac.uk,https://www.worldscientific.com/doi/abs/10.1142/s2010007812500108,"… the impact on the death toll from heat stroke for the 1998 to 2010 … We then take into account 
a statewide heat wave advertising … ; results suggest the heat wave awareness programs may …",,0,0,0,0,0,0,0,0,0,0,0
"N Caputi, M Kangas, A Denham, M Feng… - Ecology and …, 2016 - Wiley Online Library",Management adaptation of invertebrate fisheries to an extreme marine heat wave event at a global warming hot spot,"N Caputi, M Kangas, A Denham, M Feng… - Ecology and …, 2016 - Wiley Online Library","N Caputi, M Kangas, A Denham, M Feng… - Ecology and …, 2016 - Wiley Online Library",[PDF] wiley.comFull View,https://onlinelibrary.wiley.com/doi/abs/10.1002/ece3.2137,"… heat wave on invertebrate fisheries in Western Australia and is one of the first to assess the 
management … examined as well as their management implications. The specific effect of the …",,0,0,0,0,0,0,0,0,0,0,0
"L Hahn, T Mader, D Spiers, J Gaughan… - Proc. 6th Intl. Livest …, 2001 - ars.usda.gov",Heat wave impacts on feedlot cattle: Considerations for improved environmental management,"L Hahn, T Mader, D Spiers, J Gaughan… - Proc. 6th Intl. Livest …, 2001 - ars.usda.gov","L Hahn, T Mader, D Spiers, J Gaughan… - Proc. 6th Intl. Livest …, 2001 - ars.usda.gov",Save Cite Cited by 49 Related articles All 2 versions  Cached ,https://www.ars.usda.gov/research/publications/publication/?seqNo115=121458,"… to heat challenges and analyses of heat waves … management. Specific aspects include 1) 
awareness of how successive days of severe to extreme heat can interact with metabolic heat …",United States,0,1,0,0,0,0,0,0,0,0,0
"GA Slafer, R Savin - Current opinion in plant biology, 2018 - Elsevier",Can N management affect the magnitude of yield loss due to heat waves in wheat and maize?,"GA Slafer, R Savin - Current opinion in plant biology, 2018 - Elsevier","GA Slafer, R Savin - Current opinion in plant biology, 2018 - Elsevier",[PDF] udl.cat,https://www.sciencedirect.com/science/article/pii/S1369526617302418,"… Nitrogen (N) fertilization is within the most common management … by heat stress during 
reproductive phases (ie when heat waves are more likely). We concluded that sensitivity to heat …",,0,0,0,0,0,0,0,0,0,0,0
"BJ He, J Wang, H Liu, G Ulpiani - Environmental Research, 2021 - Elsevier",Localized synergies between heat waves and urban heat islands: Implications on human thermal comfort and urban heat management,"BJ He, J Wang, H Liu, G Ulpiani - Environmental Research, 2021 - Elsevier","BJ He, J Wang, H Liu, G Ulpiani - Environmental Research, 2021 - Elsevier",Save Cite Cited by 205 Related articles All 7 versions  ,https://www.sciencedirect.com/science/article/pii/S001393512031481X,"Heat waves (HWs) and urban heat islands (UHIs) can potentially interact. The mechanisms 
behind their synergy are not fully disclosed. Starting from the localized UHI phenomenon, …",,0,0,0,0,0,0,0,0,0,0,0
"GL Hahn, TL Mader - Proceedings, Fifth International Livestock …, 1997 - ars.usda.gov","Heat waves in relation to thermoregulation, feeding behavior and mortality of feedlot cattle","GL Hahn, TL Mader - Proceedings, Fifth International Livestock …, 1997 - ars.usda.gov","GL Hahn, TL Mader - Proceedings, Fifth International Livestock …, 1997 - ars.usda.gov",Save Cite Cited by 321 Related articles All 2 versions  Cached ,https://www.ars.usda.gov/research/publications/publication/?seqNo115=79135,"… that heat wave from meteorological and biological perspectives to illustrate the benefits of 
improved management when a heat wave is … the potential impact of a heat wave, and provides …",United States,0,1,0,0,0,0,0,0,0,0,0
"KE Mills, AJ Pershing, CJ Brown, Y Chen, FS Chiang… - Oceanography, 2013 - JSTOR",Fisheries management in a changing climate: lessons from the 2012 ocean heat wave in the Northwest Atlantic,"KE Mills, AJ Pershing, CJ Brown, Y Chen, FS Chiang… - Oceanography, 2013 - JSTOR","KE Mills, AJ Pershing, CJ Brown, Y Chen, FS Chiang… - Oceanography, 2013 - JSTOR",[PDF] umaine.edu,https://www.jstor.org/stable/24862052,"… in 2012 when a record heat wave affected much of the … heat wave was occurring over a 
large portion of the Northwest Atlantic Ocean. Like the heat wave on land, the ocean heat wave …",,0,0,0,0,0,0,0,0,0,0,0
"M Choobineh, PC Tabares-Velasco… - Electric Power Systems …, 2016 - Elsevier",Optimal energy management of a distribution network during the course of a heat wave,"M Choobineh, PC Tabares-Velasco… - Electric Power Systems …, 2016 - Elsevier","M Choobineh, PC Tabares-Velasco… - Electric Power Systems …, 2016 - Elsevier",Save Cite Cited by 26 Related articles All 3 versions  ,https://www.sciencedirect.com/science/article/pii/S0378779615002801,"… An operation dispatch strategy was proposed in this paper for energy management of a 
power distribution system exposed to a heat wave event. Whenever applicable, the components …",,0,0,0,0,0,0,0,0,0,0,0
"SJ Barbeaux, K Holsman, S Zador - Frontiers in Marine Science, 2020 - frontiersin.org",Marine heatwave stress test of ecosystem-based fisheries management in the Gulf of Alaska Pacific cod fishery,"SJ Barbeaux, K Holsman, S Zador - Frontiers in Marine Science, 2020 - frontiersin.org","SJ Barbeaux, K Holsman, S Zador - Frontiers in Marine Science, 2020 - frontiersin.org",[HTML] frontiersin.org,https://www.frontiersin.org/articles/10.3389/fmars.2020.00703/full,"… with ecosystem-based fisheries management in the context of … management system in the 
North Pacific handled this shock. We also provide suggestions on how fisheries management …","Australia, Canada, France, United Kingdom, Mali, Oman, United States, South Africa",1,1,0,0,0,0,0,0,0,0,0
"D Lowe, KL Ebi, B Forsberg - … of environmental research and public health, 2011 - mdpi.com",Heatwave early warning systems and adaptation advice to reduce human health consequences of heatwaves,"D Lowe, KL Ebi, B Forsberg - … of environmental research and public health, 2011 - mdpi.com","D Lowe, KL Ebi, B Forsberg - … of environmental research and public health, 2011 - mdpi.com",[PDF] mdpi.com,https://www.mdpi.com/1660-4601/8/12/4623,"… Within the notification strategies, none of the HEWS present heat health risk information in a 
… options for presenting the risks associated with heat waves. A review of statistical formats [40…","Australia, Belgium, Canada, Switzerland, Germany, Denmark, Spain, Finland, France, Georgia, Hungary, Israel, Italy, Lithuania, Luxembourg, Mali, Netherlands, Norway, Oman, Panama, Portugal, Romania, Sweden, Slovenia, Slovakia",1,1,0,0,0,0,0,0,0,0,0
"RS Kovats, S Hajat - Annu. Rev. Public Health, 2008 - annualreviews.org",Heat stress and public health: a critical review,"RS Kovats, S Hajat - Annu. Rev. Public Health, 2008 - annualreviews.org","RS Kovats, S Hajat - Annu. Rev. Public Health, 2008 - annualreviews.org",[HTML] annualreviews.org,https://www.annualreviews.org/doi/abs/10.1146/annurev.publhealth.29.020907.090843,"… Since the 2003 heat wave, most countries in Western Europe have implemented some 
public health measures for heat waves, mostly in the form of heat health warning systems (HHWS)…",,0,0,0,0,0,0,0,0,0,0,0
"M Li, S Gu, P Bi, J Yang, Q Liu - … research and public health, 2015 - mdpi.com",Heat waves and morbidity: current knowledge and further direction-a comprehensive literature review,"M Li, S Gu, P Bi, J Yang, Q Liu - … research and public health, 2015 - mdpi.com","M Li, S Gu, P Bi, J Yang, Q Liu - … research and public health, 2015 - mdpi.com",[PDF] mdpi.com,https://www.mdpi.com/1660-4601/12/5/5256,"… heat waves and the health indicators that can be used in the early warning systems to guide 
the public health … Yet there is a knowledge gap in the impact of heat waves on morbidity. In …","Australia, Belgium, Canada, Switzerland, China, Denmark, Spain, France, Georgia, India, Italy, Oman, United States",1,1,0,0,0,0,0,0,0,0,0
"V Abrahamson, R Raine - Journal of public health, 2009 - academic.oup.com",Health and social care responses to the Department of Health Heatwave Plan,"V Abrahamson, R Raine - Journal of public health, 2009 - academic.oup.com","V Abrahamson, R Raine - Journal of public health, 2009 - academic.oup.com",[HTML] oup.com,https://academic.oup.com/jpubhealth/article-abstract/31/4/478/1496128,"… So if it was getting overly hot … it would set off an alarm SS manager … from the Medical 
Research Council (Heat waves in the UK: impacts and public health responses. Grant ID 76585). …",,0,0,0,0,0,0,0,0,0,0,0
"A Nori-Sarma, T Benmarhnia, A Rajiva… - … and public health, 2019 - mdpi.com",Advancing our understanding of heat wave criteria and associated health impacts to improve heat wave alerts in developing country settings,"A Nori-Sarma, T Benmarhnia, A Rajiva… - … and public health, 2019 - mdpi.com","A Nori-Sarma, T Benmarhnia, A Rajiva… - … and public health, 2019 - mdpi.com",[PDF] mdpi.com,https://www.mdpi.com/1660-4601/16/12/2089,"… can inform policy on heat wave alerts to maximize the public health impact while minimizing 
… during heat wave alerts; this may avoid saturating the public with heat wave warnings, which …","Australia, Switzerland, Georgia, India, Nepal, Oman, Pakistan, Sweden, United States",1,1,0,0,0,0,1,0,0,0,0
"M Pascal, V Wagner, A Alari, M Corso… - Atmospheric …, 2021 - Elsevier",Extreme heat and acute air pollution episodes: A need for joint public health warnings?,"M Pascal, V Wagner, A Alari, M Corso… - Atmospheric …, 2021 - Elsevier","M Pascal, V Wagner, A Alari, M Corso… - Atmospheric …, 2021 - Elsevier",Save Cite Cited by 34 Related articles All 4 versions  ,https://www.sciencedirect.com/science/article/pii/S1352231021000674,"… targeted by the French heat warning system, plus additional heat waves and cold spells of 
… heat waves identify heat waves corresponding to the highest level of the current warning …",,0,0,0,0,0,0,0,0,0,0,0
"Y Chae, J Park - … Journal of Environmental Research and Public Health, 2021 - mdpi.com","Analysis on effectiveness of impact based heatwave warning considering severity and likelihood of health impacts in Seoul, Korea","Y Chae, J Park - … Journal of Environmental Research and Public Health, 2021 - mdpi.com","Y Chae, J Park - … Journal of Environmental Research and Public Health, 2021 - mdpi.com",[PDF] mdpi.com,https://www.mdpi.com/1660-4601/18/5/2380,"… Some studies have shown that excess mortality from heat waves in London increased 
dramatically at about 19 C [30,31]. Emergency department visits (2011~2013) in Shanghai, China …","Australia, Switzerland, China, Spain, France, Georgia, Hong Kong, India, Japan, South Korea, Oman, Sweden, Tanzania",1,1,0,0,0,0,0,0,0,0,0
"MI Bittner, EF Matthies, D Dalbokova… - … Journal of Public Health, 2014 - academic.oup.com",Are European countries prepared for the next big heat-wave?,"MI Bittner, EF Matthies, D Dalbokova… - … Journal of Public Health, 2014 - academic.oup.com","MI Bittner, EF Matthies, D Dalbokova… - … Journal of Public Health, 2014 - academic.oup.com",[HTML] oup.com,https://academic.oup.com/eurpub/article-abstract/24/4/615/637562,"… From the documents reviewed, it can be stated that two countries do not include an alert 
system and therefore their heat-health action plans have to be seen as non-functional. …",,0,0,0,0,0,0,0,0,0,0,0
"M Pascal, K Laaidi, V Wagner, AB Ung, S Smaili… - PLoS …, 2012 - ncbi.nlm.nih.gov",How to use near real-time health indicators to support decision-making during a heat wave: the example of the French heat wave warning system,"M Pascal, K Laaidi, V Wagner, AB Ung, S Smaili… - PLoS …, 2012 - ncbi.nlm.nih.gov","M Pascal, K Laaidi, V Wagner, AB Ung, S Smaili… - PLoS …, 2012 - ncbi.nlm.nih.gov",[HTML] nih.gov,https://www.ncbi.nlm.nih.gov/pmc/articles/PMC3461974/,"… the term “warning proposal” to refer to a heat wave warning based on forecasted … “alarm” 
to refer to a public health alarm based on the observed health indicators, and the world “alert” to …",,0,0,0,0,0,0,0,0,0,0,0
"RS Kovats, LE Kristie - The European Journal of Public Health, 2006 - academic.oup.com",Heatwaves and public health in Europe,"RS Kovats, LE Kristie - The European Journal of Public Health, 2006 - academic.oup.com","RS Kovats, LE Kristie - The European Journal of Public Health, 2006 - academic.oup.com",[HTML] oup.com,https://academic.oup.com/eurpub/article-abstract/16/6/592/587672,"… heat-related illness and mortality in the community and in institutions that care for elderly or 
vulnerable people. Heat health warning systems (HHWS) link public health … future heat waves…",,0,0,0,0,0,0,0,0,0,0,0
