,Author(s),Title,Publication Date,Source,Page Numbers,Link,Category,Abstract,Countries,heatwave,heat wave,heat  wave,heat  action  plan,heat  health,heat early warning system,heat-health action plan,heat-health warning  systems,extreme heat management,heat wave management,public health heat wave alert
2,"PA Stott, DA Stone, MR Allen - Nature, 2004 - nature.com",Human contribution to the European heatwave of 2003,"PA Stott, DA Stone, MR Allen - Nature, 2004 - nature.com","PA Stott, DA Stone, MR Allen - Nature, 2004 - nature.com",[PDF] grandkidzfuture.com,https://www.nature.com/articles/nature03089,Academic Journal,"… It is an ill-posed question whether the 2003 heatwave was … the risk of the occurrence of such 
a heatwave 6 , 7 , 8 . Here we … the risk of a heatwave exceeding this threshold magnitude. …","Austria, China, Colombia, Germany, France, India, Italy, Japan, Laos, Mali",1.0,1.0,0.0,0.0,0.0,0.0,0.0,0.0,0.0,0.0,0.0
4,"SE Perkins-Kirkpatrick, PB Gibson - Scientific Reports, 2017 - nature.com",Changes in regional heatwave characteristics as a function of increasing global temperature,"SE Perkins-Kirkpatrick, PB Gibson - Scientific Reports, 2017 - nature.com","SE Perkins-Kirkpatrick, PB Gibson - Scientific Reports, 2017 - nature.com",[HTML] nature.com,https://www.nature.com/articles/s41598-017-12520-2,Academic Journal,"… up to 120 extra heatwave days/season if 5 C is reached. Increases in heatwave intensity are 
… Between warming thresholds of 1.5 C and 2.5 C, the return intervals of intense heatwaves …","Australia, Chile, China, United Kingdom, India, Italy, Japan, Mali, Russia, United States, South Africa",1.0,1.0,0.0,0.0,0.0,0.0,0.0,0.0,0.0,0.0,0.0
6,"JR Nairn, RJB Fawcett - … journal of environmental research and public …, 2015 - mdpi.com",The excess heat factor: a metric for heatwave intensity and its use in classifying heatwave severity,"JR Nairn, RJB Fawcett - … journal of environmental research and public …, 2015 - mdpi.com","JR Nairn, RJB Fawcett - … journal of environmental research and public …, 2015 - mdpi.com",[PDF] mdpi.com,https://www.mdpi.com/1660-4601/12/1/227,Academic Journal,"… heatwaves threaten. Analysis and forecasts of low-intensity heatwaves would also be 
included in a heatwave … Measurement and tracking of more frequent low-intensity heatwaves …","Australia, Switzerland, China, France, Georgia, Cambodia, Mali, Oman, Sweden, United States",1.0,1.0,0.0,0.0,0.0,0.0,0.0,0.0,0.0,0.0,0.0
7,"SE Perkins-Kirkpatrick, SC Lewis - Nature communications, 2020 - nature.com",Increasing trends in regional heatwaves,"SE Perkins-Kirkpatrick, SC Lewis - Nature communications, 2020 - nature.com","SE Perkins-Kirkpatrick, SC Lewis - Nature communications, 2020 - nature.com",[HTML] nature.comFull View,https://www.nature.com/articles/s41467-020-16970-7,Academic Journal,"… temperature dataset and key heatwave metrics, we systematically examine regional and 
global observed heatwave trends. In almost all regions, heatwave frequency demonstrates the …","Australia, Brazil, Canada, Switzerland, China, United Kingdom, Greenland, Indonesia, India, Iceland, Italy, Japan, Mali, Russia, United States",1.0,1.0,0.0,0.0,0.0,0.0,0.0,0.0,0.0,0.0,0.0
9,"MA Coleman, AJP Minne, S Vranken, T Wernberg - Scientific reports, 2020 - nature.com",Genetic tropicalisation following a marine heatwave,"MA Coleman, AJP Minne, S Vranken, T Wernberg - Scientific reports, 2020 - nature.com","MA Coleman, AJP Minne, S Vranken, T Wernberg - Scientific reports, 2020 - nature.com",[HTML] nature.com,https://www.nature.com/articles/s41598-020-69665-w,Academic Journal,"… -occurring seaweeds within the footprint of the heatwave that opened space for rapid local 
… the footprint of the heatwave. Thus, extreme events such as marine heatwaves not only lead …","Australia, Chile, China, Cuba, Denmark, India, Italy, Japan, Mali, Oman",1.0,1.0,0.0,0.0,0.0,0.0,0.0,0.0,0.0,0.0,0.0
11,"KE Smoyer-Tomic, R Kuhn, A Hudson - Natural hazards, 2003 - Springer",Heat wave hazards: an overview of heat wave impacts in Canada,"KE Smoyer-Tomic, R Kuhn, A Hudson - Natural hazards, 2003 - Springer","KE Smoyer-Tomic, R Kuhn, A Hudson - Natural hazards, 2003 - Springer",Save Cite Cited by 244 Related articles All 13 versions  ,https://link.springer.com/article/10.1023/A:1022946528157,Academic Journal,"… in defining heat waves and harmful hot weather events, followed by a spatial and historical 
overview of heat waves across Canada, and an assessment of heat wave adaptation …","Australia, Canada, Switzerland, Kenya, United States",0.0,1.0,0.0,0.0,0.0,0.0,0.0,0.0,0.0,0.0,0.0
13,"DD Joseph, L Preziosi - Reviews of modern physics, 1989 - APS",Heat waves,"DD Joseph, L Preziosi - Reviews of modern physics, 1989 - APS","DD Joseph, L Preziosi - Reviews of modern physics, 1989 - APS",[PDF] researchgate.net,https://journals.aps.org/rmp/abstract/10.1103/RevModPhys.61.41,Academic Journal,"The concept of transmission of heat by waves is reviewed and interpreted. The notion of an 
effective thermal conductivity, an effective heat capacity, and relaxation functions for heat and …","Canada, Italy, Japan, United States",0.0,1.0,0.0,0.0,0.0,0.0,0.0,0.0,0.0,0.0,0.0
15,"J Tan, Y Zheng, G Song, LS Kalkstein… - International journal of …, 2007 - Springer","Heat wave impacts on mortality in Shanghai, 1998 and 2003","J Tan, Y Zheng, G Song, LS Kalkstein… - International journal of …, 2007 - Springer","J Tan, Y Zheng, G Song, LS Kalkstein… - International journal of …, 2007 - Springer",[PDF] researchgate.net,https://link.springer.com/article/10.1007/s00484-006-0058-3,Academic Journal,"… , heat waves both in 1998 and in 2003 all led to elevated mortality in Shanghai, China. While 
the heat waves … two years’ heat waves, and to better understand how heat impacts human …","Austria, China, Germany, Japan, Kenya, Netherlands, Oman, United States",1.0,1.0,0.0,0.0,0.0,0.0,0.0,0.0,0.0,0.0,0.0
16,"PA Stott, DA Stone, MR Allen - Nature, 2004 - nature.com",Human contribution to the European heatwave of 2003,"PA Stott, DA Stone, MR Allen - Nature, 2004 - nature.com","PA Stott, DA Stone, MR Allen - Nature, 2004 - nature.com",[PDF] grandkidzfuture.com,https://www.nature.com/articles/nature03089,Academic Journal,"… We may have underestimated the FAR of a heatwave in 2003 by … Given the effects of the 
2003 heatwave, this suggests a … The 2003 heat wave in Europe: A shape of things to come? …","Austria, China, Colombia, Germany, France, India, Italy, Japan, Laos, Mali",1.0,1.0,0.0,0.0,0.0,0.0,0.0,0.0,0.0,0.0,0.0
21,"KE Smoyer-Tomic, R Kuhn, A Hudson - Natural hazards, 2003 - Springer",Heat wave hazards: an overview of heat wave impacts in Canada,"KE Smoyer-Tomic, R Kuhn, A Hudson - Natural hazards, 2003 - Springer","KE Smoyer-Tomic, R Kuhn, A Hudson - Natural hazards, 2003 - Springer",Save Cite Cited by 244 Related articles All 13 versions  ,https://link.springer.com/article/10.1023/A:1022946528157,Academic Journal,"… in defining heat waves and harmful hot weather events, followed by a spatial and historical 
overview of heat waves across Canada, and an assessment of heat wave adaptation …","Australia, Canada, Switzerland, Kenya, United States",0.0,1.0,0.0,0.0,0.0,0.0,0.0,0.0,0.0,0.0,0.0
23,"DD Joseph, L Preziosi - Reviews of modern physics, 1989 - APS",Heat waves,"DD Joseph, L Preziosi - Reviews of modern physics, 1989 - APS","DD Joseph, L Preziosi - Reviews of modern physics, 1989 - APS",[PDF] researchgate.net,https://journals.aps.org/rmp/abstract/10.1103/RevModPhys.61.41,Academic Journal,"The concept of transmission of heat by waves is reviewed and interpreted. The notion of an 
effective thermal conductivity, an effective heat capacity, and relaxation functions for heat and …","Canada, Italy, Japan, United States",0.0,1.0,0.0,0.0,0.0,0.0,0.0,0.0,0.0,0.0,0.0
25,"J Tan, Y Zheng, G Song, LS Kalkstein… - International journal of …, 2007 - Springer","Heat wave impacts on mortality in Shanghai, 1998 and 2003","J Tan, Y Zheng, G Song, LS Kalkstein… - International journal of …, 2007 - Springer","J Tan, Y Zheng, G Song, LS Kalkstein… - International journal of …, 2007 - Springer",[PDF] researchgate.net,https://link.springer.com/article/10.1007/s00484-006-0058-3,Academic Journal,"… , heat waves both in 1998 and in 2003 all led to elevated mortality in Shanghai, China. While 
the heat waves … two years’ heat waves, and to better understand how heat impacts human …","Austria, China, Germany, Japan, Kenya, Netherlands, Oman, United States",1.0,1.0,0.0,0.0,0.0,0.0,0.0,0.0,0.0,0.0,0.0
26,"PA Stott, DA Stone, MR Allen - Nature, 2004 - nature.com",Human contribution to the European heatwave of 2003,"PA Stott, DA Stone, MR Allen - Nature, 2004 - nature.com","PA Stott, DA Stone, MR Allen - Nature, 2004 - nature.com",[PDF] grandkidzfuture.com,https://www.nature.com/articles/nature03089,Academic Journal,"… We may have underestimated the FAR of a heatwave in 2003 by … Given the effects of the 
2003 heatwave, this suggests a … The 2003 heat wave in Europe: A shape of things to come? …","Austria, China, Colombia, Germany, France, India, Italy, Japan, Laos, Mali",1.0,1.0,0.0,0.0,0.0,0.0,0.0,0.0,0.0,0.0,0.0
30,"IJ Dwyer, SJE Barry, I Megiddo, CJ White - International journal of …, 2022 - Springer",Evaluations of heat action plans for reducing the health impacts of extreme heat: methodological developments (2012–2021) and remaining challenges,"IJ Dwyer, SJE Barry, I Megiddo, CJ White - International journal of …, 2022 - Springer","IJ Dwyer, SJE Barry, I Megiddo, CJ White - International journal of …, 2022 - Springer",[HTML] springer.com,https://link.springer.com/article/10.1007/s00484-022-02326-x,Academic Journal,"… In this study, we collated evaluations of heat-health action plans that assessed their 
effectiveness in reducing the adverse health outcomes of hot weather extremes. We examined 11 …","Australia, Canada, Switzerland, China, Spain, France, United Kingdom, Greenland, India, Iran, Italy, Mali, New Zealand, Portugal",1.0,1.0,0.0,0.0,0.0,0.0,1.0,0.0,0.0,0.0,0.0
31,"JJ Hess, S Lm, K Knowlton, S Saha, P Dutta… - … of environmental and …, 2018 - hindawi.com",Building resilience to climate change: pilot evaluation of the impact of India's first heat action plan on all-cause mortality,"JJ Hess, S Lm, K Knowlton, S Saha, P Dutta… - … of environmental and …, 2018 - hindawi.com","JJ Hess, S Lm, K Knowlton, S Saha, P Dutta… - … of environmental and …, 2018 - hindawi.com",[HTML] hindawi.com,https://www.hindawi.com/journals/jeph/2018/7973519/abs/,Academic Journal,"… In low- and middle-income countries, there are very few heat action plans and there is a lack 
of … Our results indicate that that heat action plans may be effective in protecting vulnerable …","Switzerland, Germany, France, Greenland, Hong Kong, India, Italy, United States",1.0,1.0,0.0,0.0,0.0,1.0,1.0,0.0,0.0,0.0,0.0
36,"…, Ahmedabad Heat and Climate Study Group - International journal of …, 2014 - mdpi.com","Development and implementation of South Asia's first heat-health action plan in Ahmedabad (Gujarat, India)","…, Ahmedabad Heat and Climate Study Group - International journal of …, 2014 - mdpi.com","…, Ahmedabad Heat and Climate Study Group - International journal of …, 2014 - mdpi.com",[HTML] mdpi.com,https://www.mdpi.com/1660-4601/11/4/3473,Academic Journal,"… effort include a Heat Action Plan (HAP), and an extreme heat early warning … Heat Action 
Plan The HAP was developed as an administrative tool that would define different levels of heat …","Bangladesh, Brazil, Canada, Switzerland, China, Georgia, India, Oman, Pakistan, United States",1.0,1.0,0.0,0.0,0.0,1.0,1.0,0.0,0.0,0.0,0.0
40,"A Casanueva, A Burgstall, S Kotlarski… - … and public health, 2019 - mdpi.com",Overview of existing heat-health warning systems in Europe,"A Casanueva, A Burgstall, S Kotlarski… - … and public health, 2019 - mdpi.com","A Casanueva, A Burgstall, S Kotlarski… - … and public health, 2019 - mdpi.com",[PDF] mdpi.com,https://www.mdpi.com/1660-4601/16/15/2657,Academic Journal,"… European heat-health warning systems and heat-health action … heat-health warning systems, 
such as the one currently under development in the framework of the Horizon 2020 HEAT-…","Austria, Australia, Belgium, Belarus, Canada, Switzerland, Germany, Denmark, Spain, France, Georgia, Greece, Hong Kong, Hungary, India, Italy, North Macedonia, Niger, Netherlands, Oman, Peru, Portugal, Romania, Sweden, Slovenia, United States",1.0,1.0,0.0,0.0,0.0,0.0,1.0,0.0,0.0,0.0,0.0
41,"M Loughnan, N Nicholls… - International Journal of …, 2012 - downloads.hindawi.com",Mapping heat health risks in urban areas,"M Loughnan, N Nicholls… - International Journal of …, 2012 - downloads.hindawi.com","M Loughnan, N Nicholls… - International Journal of …, 2012 - downloads.hindawi.com",[PDF] hindawi.com,https://downloads.hindawi.com/archive/2012/518687.pdf,Academic Journal,"… , demographic, and health-related risk factors for heat stress. The spatial variations in … 
heat-related health outcomes in urban Melbourne. The index was weighted using measured health …","Cuba, Iraq, Japan, Togo",0.0,0.0,0.0,0.0,0.0,0.0,0.0,0.0,0.0,0.0,0.0
44,"J Tan, LS Kalkstein, J Huang, S Lin, H Yin… - International Journal of …, 2004 - Springer",An operational heat/health warning system in Shanghai,"J Tan, LS Kalkstein, J Huang, S Lin, H Yin… - International Journal of …, 2004 - Springer","J Tan, LS Kalkstein, J Huang, S Lin, H Yin… - International Journal of …, 2004 - Springer",[PDF] udel.edu,https://link.springer.com/article/10.1007/s00484-003-0193-z,Academic Journal,"… areas, and it is our belief that an operational heat/health watch/warning system can be used 
to save lives and lessen the negative impact of heat waves. The watch/warning systems are …","Switzerland, China, Japan, Kenya",0.0,1.0,0.0,0.0,0.0,0.0,0.0,0.0,0.0,0.0,0.0
45,"M Pascal, K Laaidi, M Ledrans, E Baffert… - International journal of …, 2006 - Springer",France's heat health watch warning system,"M Pascal, K Laaidi, M Ledrans, E Baffert… - International journal of …, 2006 - Springer","M Pascal, K Laaidi, M Ledrans, E Baffert… - International journal of …, 2006 - Springer",[PDF] academia.edu,https://link.springer.com/article/10.1007/s00484-005-0003-x,Academic Journal,"… exhaustion with dehydration to severe heat strokes and death. Heat strokes can occur 
less than … The lag time between heat exposure and indirect health effects depends on pre-existing …","Belgium, Spain, Finland, France, Jordan, Kenya",1.0,1.0,0.0,0.0,0.0,0.0,0.0,0.0,0.0,0.0,0.0
46,"CJ Tomlinson, L Chapman… - … of health …, 2011 - ij-healthgeographics.biomedcentral …","Including the urban heat island in spatial heat health risk assessment strategies: a case study for Birmingham, UK","CJ Tomlinson, L Chapman… - … of health …, 2011 - ij-healthgeographics.biomedcentral …","CJ Tomlinson, L Chapman… - … of health …, 2011 - ij-healthgeographics.biomedcentral …",[HTML] biomedcentral.com,https://ij-healthgeographics.biomedcentral.com/articles/10.1186/1476-072X-10-42,Academic Journal,"… techniques [40, 41] has allowed the spatial extent of the UHI to be measured at a higher 
resolution than previously, and this paper focuses on using this data for heat health risk studies. …","Australia, Brazil, Canada, Switzerland, Chile, China, Spain, France, United Kingdom, Greece, Italy, Japan, Mexico, Netherlands, Peru, Portugal, United States",1.0,1.0,0.0,0.0,0.0,0.0,0.0,0.0,0.0,0.0,0.0
54,"A Casanueva, A Burgstall, S Kotlarski… - International journal of …, 2019 - mdpi.com",Overview of existing heat-health warning systems in Europe,"A Casanueva, A Burgstall, S Kotlarski… - International journal of …, 2019 - mdpi.com","A Casanueva, A Burgstall, S Kotlarski… - International journal of …, 2019 - mdpi.com",[PDF] mdpi.com,https://www.mdpi.com/1660-4601/16/15/2657,Academic Journal,"… , describes the heat early warning and heat action for … early warning system and inter-agency 
coordination, (3) capacity building among health care professionals and (4) reducing heat …","Austria, Australia, Belgium, Belarus, Canada, Switzerland, Germany, Denmark, Spain, France, Georgia, Greece, Hong Kong, Hungary, India, Italy, North Macedonia, Niger, Netherlands, Oman, Peru, Portugal, Romania, Sweden, Slovenia, United States",1.0,1.0,0.0,0.0,0.0,0.0,1.0,0.0,0.0,0.0,0.0
58,"A Matzarakis, G Laschewski, S Muthers - Atmosphere, 2020 - mdpi.com",The heat health warning system in Germany—Application and warnings for 2005 to 2019,"A Matzarakis, G Laschewski, S Muthers - Atmosphere, 2020 - mdpi.com","A Matzarakis, G Laschewski, S Muthers - Atmosphere, 2020 - mdpi.com",[PDF] mdpi.com,https://www.mdpi.com/2073-4433/11/2/170,Academic Journal,"… of an advanced procedure known as a “heat health warning system” (HHWS). It is aimed at 
… heat health warning systems as a consequence of the 2003 heat waves. Specific periods of …","Austria, Belgium, Switzerland, Germany, Spain, France, Georgia, Greece, Hungary, Italy, North Macedonia, Mali, Netherlands, Oman, Poland, Portugal, Romania, Sweden, Slovenia",0.0,1.0,0.0,0.0,0.0,0.0,0.0,0.0,0.0,0.0,0.0
59,"R Lowe, M García-Díez, J Ballester, J Creswick… - International journal of …, 2016 - mdpi.com",Evaluation of an early-warning system for heat wave-related mortality in Europe: Implications for sub-seasonal to seasonal forecasting and climate services,"R Lowe, M García-Díez, J Ballester, J Creswick… - International journal of …, 2016 - mdpi.com","R Lowe, M García-Díez, J Ballester, J Creswick… - International journal of …, 2016 - mdpi.com",[PDF] mdpi.com,https://www.mdpi.com/1660-4601/13/2/206,Academic Journal,"… climate-resilient health systems. A HHAP relies on early-warning systems for timely activation 
… These results are promising for the development of more localised early warning systems. …","Switzerland, China, Germany, Denmark, Spain, France, United Kingdom, Georgia, India, Italy, Mali, Niger, Oman, Slovenia, Chad, Taiwan, United States",1.0,1.0,0.0,0.0,0.0,0.0,1.0,0.0,0.0,0.0,0.0
63,"K Knowlton, SP Kulkarni, GS Azhar… - International journal of …, 2014 - mdpi.com","Development and implementation of South Asia's first heat-health action plan in Ahmedabad (Gujarat, India)","K Knowlton, SP Kulkarni, GS Azhar… - International journal of …, 2014 - mdpi.com","K Knowlton, SP Kulkarni, GS Azhar… - International journal of …, 2014 - mdpi.com",[HTML] mdpi.com,https://www.mdpi.com/1660-4601/11/4/3473,Academic Journal,"… heat action plan for Ahmedabad. Its specific objectives were: (1) to assess heat-health impacts 
… project, offer details on the first heat-health action plan implemented in a South Asian city, …","Bangladesh, Brazil, Canada, Switzerland, China, Georgia, India, Oman, Pakistan, United States",1.0,1.0,0.0,0.0,0.0,1.0,1.0,0.0,0.0,0.0,0.0
65,"MS Ragettli, M Röösli - Bundesgesundheitsblatt-Gesundheitsforschung …, 2019 - Springer",Heat-health action plans to prevent heat-related deaths—experiences from Switzerland,"MS Ragettli, M Röösli - Bundesgesundheitsblatt-Gesundheitsforschung …, 2019 - Springer","MS Ragettli, M Röösli - Bundesgesundheitsblatt-Gesundheitsforschung …, 2019 - Springer",Save Cite Cited by 5 Related articles All 5 versions  ,https://link.springer.com/article/10.1007/s00103-019-02928-8,Academic Journal,"… of Ticino have developed heat-health action plans. Such plans integrate and coordinate 
the … Analyses show that heat-health action plans have contributed to the prevention of heat-…","Switzerland, Kenya",1.0,1.0,0.0,0.0,0.0,0.0,1.0,0.0,0.0,0.0,0.0
66,"A Casanueva, A Burgstall, S Kotlarski… - International journal of …, 2019 - mdpi.com",Overview of existing heat-health warning systems in Europe,"A Casanueva, A Burgstall, S Kotlarski… - International journal of …, 2019 - mdpi.com","A Casanueva, A Burgstall, S Kotlarski… - International journal of …, 2019 - mdpi.com",[PDF] mdpi.com,https://www.mdpi.com/1660-4601/16/15/2657,Academic Journal,"… Here we present a state-of-the-art review of HHWSs and heat-health action plans (HHAPs) 
of 16 countries, based on existing literature, web research and direct contact to National …","Austria, Australia, Belgium, Belarus, Canada, Switzerland, Germany, Denmark, Spain, France, Georgia, Greece, Hong Kong, Hungary, India, Italy, North Macedonia, Niger, Netherlands, Oman, Peru, Portugal, Romania, Sweden, Slovenia, United States",1.0,1.0,0.0,0.0,0.0,0.0,1.0,0.0,0.0,0.0,0.0
67,"HC Ho, K Lau, C Ren, D Wang - Environmental Science and Pollution …, 2022 - Springer",Systematic identification of heat events associated with emergency admissions to enhance the heat-health action plan in a subtropical city: a data-driven approach,"HC Ho, K Lau, C Ren, D Wang - Environmental Science and Pollution …, 2022 - Springer","HC Ho, K Lau, C Ren, D Wang - Environmental Science and Pollution …, 2022 - Springer",[PDF] cuhk.edu.hk,https://link.springer.com/article/10.1007/s11356-022-21963-8,Academic Journal,"… Reduction (UNDRR), a heat-health action plan should address various impacts of hazards 
… ) in Hong Kong in order to enhance the heat-health action plan. Immediate, short-term, and …","Australia, Canada, Switzerland, China, Spain, France, United Kingdom, Hong Kong, Japan, Kenya, Malaysia, Sweden, Thailand",1.0,1.0,0.0,0.0,0.0,0.0,1.0,0.0,1.0,0.0,0.0
68,"HC Çulpan, Ü Şahin, G Can - Atmosphere, 2022 - mdpi.com",A Step to Develop Heat-Health Action Plan: Assessing Heat Waves' Impacts on Mortality,"HC Çulpan, Ü Şahin, G Can - Atmosphere, 2022 - mdpi.com","HC Çulpan, Ü Şahin, G Can - Atmosphere, 2022 - mdpi.com",[HTML] mdpi.com,https://www.mdpi.com/2073-4433/13/12/2126,Academic Journal,"… the implementation of Heat-Health Action Plans, which … the health system, and improvements 
in urban planning [15]. … Therefore, there is a need for local and national action plans …","Australia, Canada, Switzerland, Denmark, Spain, France, Georgia, India, Iran, Mali, Oman, Pakistan, Turkey, United States",1.0,1.0,0.0,0.0,0.0,0.0,1.0,0.0,0.0,0.0,0.0
69,"M Pascal, K Laaidi, M Ledrans, E Baffert… - International journal of …, 2006 - Springer",France's heat health watch warning system,"M Pascal, K Laaidi, M Ledrans, E Baffert… - International journal of …, 2006 - Springer","M Pascal, K Laaidi, M Ledrans, E Baffert… - International journal of …, 2006 - Springer",[PDF] academia.edu,https://link.springer.com/article/10.1007/s00484-005-0003-x,Academic Journal,"… A national action plan was set up, using this watch warning … by the set up of an Action Plan 
in Marseille, after the 1983 event, … that the activation of the action plan is not totally unjustified. …","Belgium, Spain, Finland, France, Jordan, Kenya",1.0,1.0,0.0,0.0,0.0,0.0,0.0,0.0,0.0,0.0,0.0
70,"A Casanueva, A Burgstall, S Kotlarski… - International journal of …, 2019 - mdpi.com",Overview of existing heat-health warning systems in Europe,"A Casanueva, A Burgstall, S Kotlarski… - International journal of …, 2019 - mdpi.com","A Casanueva, A Burgstall, S Kotlarski… - International journal of …, 2019 - mdpi.com",[PDF] mdpi.com,https://www.mdpi.com/1660-4601/16/15/2657,Academic Journal,"… development of heat-health warning systems and action plans … of 16 European heat-health 
warning systems and heat-health … the way for future heat-health warning systems, such as the …","Austria, Australia, Belgium, Belarus, Canada, Switzerland, Germany, Denmark, Spain, France, Georgia, Greece, Hong Kong, Hungary, India, Italy, North Macedonia, Niger, Netherlands, Oman, Peru, Portugal, Romania, Sweden, Slovenia, United States",1.0,1.0,0.0,0.0,0.0,0.0,1.0,0.0,0.0,0.0,0.0
71,"J Tan, LS Kalkstein, J Huang, S Lin, H Yin… - International Journal of …, 2004 - Springer",An operational heat/health warning system in Shanghai,"J Tan, LS Kalkstein, J Huang, S Lin, H Yin… - International Journal of …, 2004 - Springer","J Tan, LS Kalkstein, J Huang, S Lin, H Yin… - International Journal of …, 2004 - Springer",[PDF] udel.edu,https://link.springer.com/article/10.1007/s00484-003-0193-z,Academic Journal,"… it is our belief that an operational heat/health watch/warning system can be used to save 
lives and lessen the negative impact of heat waves. The watch/warning systems are based on a …","Switzerland, China, Japan, Kenya",0.0,1.0,0.0,0.0,0.0,0.0,0.0,0.0,0.0,0.0,0.0
73,"A Matzarakis, G Laschewski, S Muthers - Atmosphere, 2020 - mdpi.com",The heat health warning system in Germany—Application and warnings for 2005 to 2019,"A Matzarakis, G Laschewski, S Muthers - Atmosphere, 2020 - mdpi.com","A Matzarakis, G Laschewski, S Muthers - Atmosphere, 2020 - mdpi.com",[PDF] mdpi.com,https://www.mdpi.com/2073-4433/11/2/170,Academic Journal,"… and warned by means of an advanced procedure known as a “heat health warning system 
(… European countries have implemented heat health warning systems as a consequence of …","Austria, Belgium, Switzerland, Germany, Spain, France, Georgia, Greece, Hungary, Italy, North Macedonia, Mali, Netherlands, Oman, Poland, Portugal, Romania, Sweden, Slovenia",0.0,1.0,0.0,0.0,0.0,0.0,0.0,0.0,0.0,0.0,0.0
75,"M Pascal, K Laaidi, M Ledrans, E Baffert… - International journal of …, 2006 - Springer",France's heat health watch warning system,"M Pascal, K Laaidi, M Ledrans, E Baffert… - International journal of …, 2006 - Springer","M Pascal, K Laaidi, M Ledrans, E Baffert… - International journal of …, 2006 - Springer",[PDF] academia.edu,https://link.springer.com/article/10.1007/s00484-005-0003-x,Academic Journal,"In 2003, a Heat Health Watch Warning System was developed in France to anticipate heat 
waves that may result in a large excess of mortality. The system was developed on the basis …","Belgium, Spain, Finland, France, Jordan, Kenya",1.0,1.0,0.0,0.0,0.0,0.0,0.0,0.0,0.0,0.0,0.0
77,"M Morabito, A Messeri, P Noti, A Casanueva… - International journal of …, 2019 - mdpi.com",An occupational heat–health warning system for Europe: the HEAT-SHIELD platform,"M Morabito, A Messeri, P Noti, A Casanueva… - International journal of …, 2019 - mdpi.com","M Morabito, A Messeri, P Noti, A Casanueva… - International journal of …, 2019 - mdpi.com",[PDF] mdpi.com,https://www.mdpi.com/1660-4601/16/16/2890,Academic Journal,"… Existing heat–health warning systems focus on warning vulnerable groups in order to 
reduce mortality. However, human health and performance are affected at much lower …","Belgium, Canada, Switzerland, China, Germany, Denmark, Spain, France, Georgia, Greece, Croatia, Italy, Japan, Malaysia, Niger, Netherlands, Oman, Saudi Arabia, Slovenia, Chad",1.0,1.0,0.0,0.0,0.0,0.0,1.0,0.0,0.0,0.0,0.0
78,"LS Kalkstein, SC Sheridan, AJ Kalkstein - Biometeorology for adaptation …, 2009 - Springer","Heat/health warning systems: development, implementation, and intervention activities","LS Kalkstein, SC Sheridan, AJ Kalkstein - Biometeorology for adaptation …, 2009 - Springer","LS Kalkstein, SC Sheridan, AJ Kalkstein - Biometeorology for adaptation …, 2009 - Springer",[PDF] researchgate.net,https://link.springer.com/chapter/10.1007/978-1-4020-8921-3_3,Academic Journal,"… Kalkstein, LS, 2002: Description of our heat/health watch warning systems: their nature and 
… Kalkstein, LS, 2006: Heat and health: methodological considerations for warning system …","Canada, Denmark, France, Italy, Kenya, Netherlands, New Zealand, Peru, Portugal, Slovakia, United States",1.0,1.0,0.0,0.0,0.0,0.0,0.0,0.0,0.0,0.0,0.0
79,"AJ Kalkstein, SC Sheridan - International journal of biometeorology, 2007 - Springer","The social impacts of the heat–health watch/warning system in Phoenix, Arizona: assessing the perceived risk and response of the public","AJ Kalkstein, SC Sheridan - International journal of biometeorology, 2007 - Springer","AJ Kalkstein, SC Sheridan - International journal of biometeorology, 2007 - Springer",[PDF] asu.edu,https://link.springer.com/article/10.1007/s00484-006-0073-4,Academic Journal,"… Furthermore, a new heat warning system has been developed based … heat–health research, 
there have been very few studies examining the social response to heat and heat warnings. …","Kenya, United States",0.0,1.0,0.0,0.0,0.0,0.0,0.0,0.0,0.0,0.0,0.0
93,"L Hahn, T Mader, D Spiers, J Gaughan… - Proc. 6th Intl. Livest …, 2001 - ars.usda.gov",Heat wave impacts on feedlot cattle: Considerations for improved environmental management,"L Hahn, T Mader, D Spiers, J Gaughan… - Proc. 6th Intl. Livest …, 2001 - ars.usda.gov","L Hahn, T Mader, D Spiers, J Gaughan… - Proc. 6th Intl. Livest …, 2001 - ars.usda.gov",Save Cite Cited by 49 Related articles All 2 versions  Cached ,https://www.ars.usda.gov/research/publications/publication/?seqNo115=121458,Academic Journal,"… to heat challenges and analyses of heat waves … management. Specific aspects include 1) 
awareness of how successive days of severe to extreme heat can interact with metabolic heat …",United States,0.0,1.0,0.0,0.0,0.0,0.0,0.0,0.0,0.0,0.0,0.0
96,"GL Hahn, TL Mader - Proceedings, Fifth International Livestock …, 1997 - ars.usda.gov","Heat waves in relation to thermoregulation, feeding behavior and mortality of feedlot cattle","GL Hahn, TL Mader - Proceedings, Fifth International Livestock …, 1997 - ars.usda.gov","GL Hahn, TL Mader - Proceedings, Fifth International Livestock …, 1997 - ars.usda.gov",Save Cite Cited by 321 Related articles All 2 versions  Cached ,https://www.ars.usda.gov/research/publications/publication/?seqNo115=79135,Academic Journal,"… that heat wave from meteorological and biological perspectives to illustrate the benefits of 
improved management when a heat wave is … the potential impact of a heat wave, and provides …",United States,0.0,1.0,0.0,0.0,0.0,0.0,0.0,0.0,0.0,0.0,0.0
99,"SJ Barbeaux, K Holsman, S Zador - Frontiers in Marine Science, 2020 - frontiersin.org",Marine heatwave stress test of ecosystem-based fisheries management in the Gulf of Alaska Pacific cod fishery,"SJ Barbeaux, K Holsman, S Zador - Frontiers in Marine Science, 2020 - frontiersin.org","SJ Barbeaux, K Holsman, S Zador - Frontiers in Marine Science, 2020 - frontiersin.org",[HTML] frontiersin.org,https://www.frontiersin.org/articles/10.3389/fmars.2020.00703/full,Academic Journal,"… with ecosystem-based fisheries management in the context of … management system in the 
North Pacific handled this shock. We also provide suggestions on how fisheries management …","Australia, Canada, France, United Kingdom, Mali, Oman, United States, South Africa",1.0,1.0,0.0,0.0,0.0,0.0,0.0,0.0,0.0,0.0,0.0
100,"D Lowe, KL Ebi, B Forsberg - … of environmental research and public health, 2011 - mdpi.com",Heatwave early warning systems and adaptation advice to reduce human health consequences of heatwaves,"D Lowe, KL Ebi, B Forsberg - … of environmental research and public health, 2011 - mdpi.com","D Lowe, KL Ebi, B Forsberg - … of environmental research and public health, 2011 - mdpi.com",[PDF] mdpi.com,https://www.mdpi.com/1660-4601/8/12/4623,Academic Journal,"… Within the notification strategies, none of the HEWS present heat health risk information in a 
… options for presenting the risks associated with heat waves. A review of statistical formats [40…","Australia, Belgium, Canada, Switzerland, Germany, Denmark, Spain, Finland, France, Georgia, Hungary, Israel, Italy, Lithuania, Luxembourg, Mali, Netherlands, Norway, Oman, Panama, Portugal, Romania, Sweden, Slovenia, Slovakia",1.0,1.0,0.0,0.0,0.0,0.0,0.0,0.0,0.0,0.0,0.0
102,"M Li, S Gu, P Bi, J Yang, Q Liu - … research and public health, 2015 - mdpi.com",Heat waves and morbidity: current knowledge and further direction-a comprehensive literature review,"M Li, S Gu, P Bi, J Yang, Q Liu - … research and public health, 2015 - mdpi.com","M Li, S Gu, P Bi, J Yang, Q Liu - … research and public health, 2015 - mdpi.com",[PDF] mdpi.com,https://www.mdpi.com/1660-4601/12/5/5256,Academic Journal,"… heat waves and the health indicators that can be used in the early warning systems to guide 
the public health … Yet there is a knowledge gap in the impact of heat waves on morbidity. In …","Australia, Belgium, Canada, Switzerland, China, Denmark, Spain, France, Georgia, India, Italy, Oman, United States",1.0,1.0,0.0,0.0,0.0,0.0,0.0,0.0,0.0,0.0,0.0
104,"A Nori-Sarma, T Benmarhnia, A Rajiva… - … and public health, 2019 - mdpi.com",Advancing our understanding of heat wave criteria and associated health impacts to improve heat wave alerts in developing country settings,"A Nori-Sarma, T Benmarhnia, A Rajiva… - … and public health, 2019 - mdpi.com","A Nori-Sarma, T Benmarhnia, A Rajiva… - … and public health, 2019 - mdpi.com",[PDF] mdpi.com,https://www.mdpi.com/1660-4601/16/12/2089,Academic Journal,"… can inform policy on heat wave alerts to maximize the public health impact while minimizing 
… during heat wave alerts; this may avoid saturating the public with heat wave warnings, which …","Australia, Switzerland, Georgia, India, Nepal, Oman, Pakistan, Sweden, United States",1.0,1.0,0.0,0.0,0.0,0.0,1.0,0.0,0.0,0.0,0.0
106,"Y Chae, J Park - … Journal of Environmental Research and Public Health, 2021 - mdpi.com","Analysis on effectiveness of impact based heatwave warning considering severity and likelihood of health impacts in Seoul, Korea","Y Chae, J Park - … Journal of Environmental Research and Public Health, 2021 - mdpi.com","Y Chae, J Park - … Journal of Environmental Research and Public Health, 2021 - mdpi.com",[PDF] mdpi.com,https://www.mdpi.com/1660-4601/18/5/2380,Academic Journal,"… Some studies have shown that excess mortality from heat waves in London increased 
dramatically at about 19 C [30,31]. Emergency department visits (2011~2013) in Shanghai, China …","Australia, Switzerland, China, Spain, France, Georgia, Hong Kong, India, Japan, South Korea, Oman, Sweden, Tanzania",1.0,1.0,0.0,0.0,0.0,0.0,0.0,0.0,0.0,0.0,0.0
113,,,,,,"https://cdn.abcotvs.com/dip/images/5343664_061219-cc-accuwx-heat-wave-formation-vid.jpg?w%3D1600&amp;imgrefurl=https://abc7chicago.com/what-is-a-heat-wave-how-does-form-severe-weather-california/5343678/&amp;h=900&amp;w=1600&amp;tbnid=22ctqHBvxB1DvM&amp;q=heat+wave&amp;tbnh=84&amp;tbnw=150&amp;usg=AI4_-kR1VxGfXP1lcU0-rIL1ZAnmz2OH6w&amp;vet=1&amp;docid=Ax9tG6GkM0b95M&amp;sa=X&amp;ved=2ahUKEwifndOr0NSBAxXQrZUCHegXCwsQ9QF6BAgIEAo""",Other,,None,0.0,0.0,0.0,0.0,0.0,0.0,0.0,0.0,0.0,0.0,0.0
116,,,,,,"https://en.wikipedia.org/wiki/Heat_wave%23Definitions&amp;sa=U&amp;ved=2ahUKEwifndOr0NSBAxXQrZUCHegXCwsQ0gJ6BAgKEAU&amp;usg=AOvVaw2-d6JISuJv7FiaIKRnTxqB""",Government,,"Australia, Belgium, Bermuda, Canada, China, Denmark, Spain, France, United Kingdom, Greece, Indonesia, Ireland, Israel, India, Iran, Japan, Luxembourg, Malawi, Mexico, Netherlands, Oman, Pakistan, Portugal, Sweden, United States, South Africa",1.0,1.0,0.0,0.0,0.0,0.0,0.0,0.0,0.0,0.0,0.0
117,,,,,,"https://en.wikipedia.org/wiki/Heat_wave%23Causes&amp;sa=U&amp;ved=2ahUKEwifndOr0NSBAxXQrZUCHegXCwsQ0gJ6BAgKEAY&amp;usg=AOvVaw0hA_kzKimtSIS8weSR5EFm""",Government,,"Australia, Belgium, Bermuda, Canada, China, Denmark, Spain, France, United Kingdom, Greece, Indonesia, Ireland, Israel, India, Iran, Japan, Luxembourg, Malawi, Mexico, Netherlands, Oman, Pakistan, Portugal, Sweden, United States, South Africa",1.0,1.0,0.0,0.0,0.0,0.0,0.0,0.0,0.0,0.0,0.0
118,,,,,,"https://en.wikipedia.org/wiki/Heat_wave%23Impacts_on_human_health&amp;sa=U&amp;ved=2ahUKEwifndOr0NSBAxXQrZUCHegXCwsQ0gJ6BAgKEAc&amp;usg=AOvVaw2FlAbveXvJtCjRkBbjMVLh""",Government,,"Australia, Belgium, Bermuda, Canada, China, Denmark, Spain, France, United Kingdom, Greece, Indonesia, Ireland, Israel, India, Iran, Japan, Luxembourg, Malawi, Mexico, Netherlands, Oman, Pakistan, Portugal, Sweden, United States, South Africa",1.0,1.0,0.0,0.0,0.0,0.0,0.0,0.0,0.0,0.0,0.0
119,,,,,,"https://en.wikipedia.org/wiki/Heat_wave%23Other_impacts&amp;sa=U&amp;ved=2ahUKEwifndOr0NSBAxXQrZUCHegXCwsQ0gJ6BAgKEAg&amp;usg=AOvVaw334Z6ts7_OOgnIOKCjBB_s""",Government,,"Australia, Belgium, Bermuda, Canada, China, Denmark, Spain, France, United Kingdom, Greece, Indonesia, Ireland, Israel, India, Iran, Japan, Luxembourg, Malawi, Mexico, Netherlands, Oman, Pakistan, Portugal, Sweden, United States, South Africa",1.0,1.0,0.0,0.0,0.0,0.0,0.0,0.0,0.0,0.0,0.0
123,,,,,,"https://www.weather.gov/safety/heat-during&amp;sa=U&amp;ved=2ahUKEwifndOr0NSBAxXQrZUCHegXCwsQFnoECAUQAg&amp;usg=AOvVaw3BjC7Y4Xcutoj2xQgp4Xrh""",Government,,"Canada, United States",0.0,1.0,0.0,0.0,0.0,0.0,0.0,0.0,0.0,0.0,0.0
129,,,,,,https://www.weather.gov/safety/heat-during\x26amp;sa\x3dU\x26amp;ved\x3d2ahUKEwifndOr0NSBAxXQrZUCHegXCwsQFnoECAEQBg\x26amp;usg\x3dAOvVaw2X10ThLgYs723WpPU_k7fJ\x22,Government,,None,0.0,0.0,0.0,0.0,0.0,0.0,0.0,0.0,0.0,0.0,0.0
130,,,,,,https://www.vox.com/22538401/texas-heat-wave-weather-definition-record-temperature-climate-change\x26amp;sa\x3dU\x26amp;ved\x3d2ahUKEwifndOr0NSBAxXQrZUCHegXCwsQFnoECAEQDQ\x26amp;usg\x3dAOvVaw24mF7Cbc5JVPYmwBw6C6-3\x22,Government,,"Antarctica, Mexico, United States",0.0,1.0,0.0,0.0,0.0,0.0,0.0,0.0,0.0,0.0,0.0
132,,,,,,"https://heatactionplatform.onebillionresilient.org/wp-content/uploads/sites/5/2023/07/heat-action-plan-re@2x-100.jpg?sa=X&amp;ved=2ahUKEwilo6Ws0NSBAxWmppUCHTq7Dd0Q_B16BAgJEAI""",Non Governmental Organization,,Iraq,0.0,0.0,0.0,0.0,0.0,0.0,0.0,0.0,0.0,0.0,0.0
148,,,,,,"https://www.heat.gov/&amp;sa=U&amp;ved=2ahUKEwjxppWt0NSBAxX3p5UCHY8ZAi4QFnoECAkQAg&amp;usg=AOvVaw2Nksp4k2K-s42DMeuSNkhE""",Government,,None,0.0,0.0,0.0,0.0,0.0,0.0,0.0,0.0,0.0,0.0,0.0
156,,,,,,https://www.dir.ca.gov/dosh/etools/08-006/whatis.htm\x26amp;sa\x3dU\x26amp;ved\x3d2ahUKEwjxppWt0NSBAxX3p5UCHY8ZAi4QFnoECAIQBg\x26amp;usg\x3dAOvVaw27FJIqBlkTFeRK7rFhmMFW\x22,Government,,None,0.0,0.0,0.0,0.0,0.0,0.0,0.0,0.0,0.0,0.0,0.0
157,,,,,,https://www.cdc.gov/disasters/extremeheat/warning.html\x26amp;sa\x3dU\x26amp;ved\x3d2ahUKEwjxppWt0NSBAxX3p5UCHY8ZAi4QFnoECAIQDQ\x26amp;usg\x3dAOvVaw3O8Eha0RFDxs_kXDtedhnf\x22,Government,,None,0.0,0.0,0.0,0.0,0.0,0.0,0.0,0.0,0.0,0.0,0.0
158,,,,,,https://www.cdc.gov/disasters/extremeheat/warning.html\x26amp;sa\x3dU\x26amp;ved\x3d2ahUKEwjxppWt0NSBAxX3p5UCHY8ZAi4QlqUEegQIAhAO\x26amp;usg\x3dAOvVaw04kY9H_f01llndJWhWKDpJ\x22,Government,,None,0.0,0.0,0.0,0.0,0.0,0.0,0.0,0.0,0.0,0.0,0.0
159,,,,,,https://www.cdc.gov/disasters/extremeheat/warning.html\x26amp;sa\x3dU\x26amp;ved\x3d2ahUKEwjxppWt0NSBAxX3p5UCHY8ZAi4QMHoECAIQDw\x26amp;usg\x3dAOvVaw3fU8udt6kDxT2FubmWaQn6\x22,Government,,None,0.0,0.0,0.0,0.0,0.0,0.0,0.0,0.0,0.0,0.0,0.0
174,,,,,,"https://toolkit.climate.gov/case-studies/developing-early-warning-system-prevent-heat-illness&amp;sa=U&amp;ved=2ahUKEwim9dau0NSBAxV4r5UCHWdHBvgQFnoECAYQAg&amp;usg=AOvVaw2mL_h9Q4FYWJGPB-l2LEL2""",Government,,"American Samoa, Canada, China, Mexico, Puerto Rico, United States, Samoa",0.0,1.0,0.0,0.0,0.0,0.0,0.0,0.0,0.0,0.0,0.0
176,,,,,,https://www.weather.gov/bgm/heat\x26amp;sa\x3dU\x26amp;ved\x3d2ahUKEwim9dau0NSBAxV4r5UCHWdHBvgQFnoECAEQBg\x26amp;usg\x3dAOvVaw2BMh5ORSkggMT1DMuuYWoa\x22,Government,,None,0.0,0.0,0.0,0.0,0.0,0.0,0.0,0.0,0.0,0.0,0.0
191,,,,,,"https://pubmed.ncbi.nlm.nih.gov/35779622/&amp;sa=U&amp;ved=2ahUKEwiosJqv0NSBAxWfuZUCHdBeAuoQFnoECAkQAg&amp;usg=AOvVaw3ePdaUqfkBWcKFQAa7W6E6""",Government,,"Switzerland, Germany, Denmark, France, Italy, Mali, Philippines, Chad, United States",0.0,1.0,0.0,0.0,0.0,0.0,1.0,0.0,0.0,0.0,0.0
192,,,,,,https://www.cdc.gov/climateandhealth/effects/temperature_extremes.htm\x26amp;sa\x3dU\x26amp;ved\x3d2ahUKEwiosJqv0NSBAxWfuZUCHdBeAuoQFnoECAEQBg\x26amp;usg\x3dAOvVaw3G9dVLY3FCZcflHLFF3qTG\x22,Government,,United States,0.0,1.0,0.0,0.0,0.0,0.0,0.0,0.0,0.0,0.0,0.0
209,,,,,,"https://public.wmo.int/en/resources/library/heatwaves-and-health-guidance-warning-system-development&amp;sa=U&amp;ved=2ahUKEwjivOCv0NSBAxVfqZUCHUidAnIQFnoECAcQAg&amp;usg=AOvVaw2a6AZKTZyU37jjqb0c5A-l""",Government,,None,0.0,0.0,0.0,0.0,0.0,0.0,0.0,0.0,0.0,0.0,0.0
214,,,,,,https://www.weather.gov/safety/heat-ww\x26amp;sa\x3dU\x26amp;ved\x3d2ahUKEwjivOCv0NSBAxVfqZUCHUidAnIQFnoECAsQBg\x26amp;usg\x3dAOvVaw2IpyTqefl0mYluUUtAX6F_\x22,Government,,None,0.0,0.0,0.0,0.0,0.0,0.0,0.0,0.0,0.0,0.0,0.0
219,,,,,,"https://www.betterhealth.vic.gov.au/health/healthyliving/how-to-cope-and-stay-safe-in-extreme-heat%23impact-of-extreme-heat&amp;sa=U&amp;ved=2ahUKEwiXiKSw0NSBAxWhp5UCHQwRCmUQ0gJ6BAgJEAU&amp;usg=AOvVaw0p-ID6c8u4NJBltt5jixwQ""",Government,,Australia,1.0,0.0,0.0,0.0,0.0,0.0,0.0,0.0,0.0,0.0,0.0
220,,,,,,"https://www.betterhealth.vic.gov.au/health/healthyliving/how-to-cope-and-stay-safe-in-extreme-heat%23people-at-risk-from-extreme-heat&amp;sa=U&amp;ved=2ahUKEwiXiKSw0NSBAxWhp5UCHQwRCmUQ0gJ6BAgJEAY&amp;usg=AOvVaw190ElTj9rbADTps3NuXXQw""",Government,,Australia,1.0,0.0,0.0,0.0,0.0,0.0,0.0,0.0,0.0,0.0,0.0
221,,,,,,"https://www.betterhealth.vic.gov.au/health/healthyliving/how-to-cope-and-stay-safe-in-extreme-heat%23coping-with-the-heat&amp;sa=U&amp;ved=2ahUKEwiXiKSw0NSBAxWhp5UCHQwRCmUQ0gJ6BAgJEAc&amp;usg=AOvVaw01NL7uYjAklaUsiX953C96""",Government,,Australia,1.0,0.0,0.0,0.0,0.0,0.0,0.0,0.0,0.0,0.0,0.0
228,,,,,,"https://www.azdhs.gov/documents/preparedness/epidemiology-disease-control/extreme-weather/heat/managing-extreme-heat-recommendations-for-schools.pdf&amp;sa=U&amp;ved=2ahUKEwiXiKSw0NSBAxWhp5UCHQwRCmUQFnoECAEQAg&amp;usg=AOvVaw1ucqBlpGGyPdW2LjzxJw5u""",Government,,None,0.0,0.0,0.0,0.0,0.0,0.0,0.0,0.0,0.0,0.0,0.0
239,,,,,,https://www.cdc.gov/disasters/extremeheat/heattips.html\x26amp;sa\x3dU\x26amp;ved\x3d2ahUKEwiXiKSw0NSBAxWhp5UCHQwRCmUQFnoECAYQHQ\x26amp;usg\x3dAOvVaw28hEQXRT66EViJscVHNBWa\x22,Government,,None,0.0,1.0,0.0,0.0,0.0,0.0,0.0,0.0,0.0,0.0,0.0
240,,,,,,https://www.cdc.gov/disasters/extremeheat/heattips.html\x26amp;sa\x3dU\x26amp;ved\x3d2ahUKEwiXiKSw0NSBAxWhp5UCHQwRCmUQlqUEegQIBhAe\x26amp;usg\x3dAOvVaw1pjqJq2lZsZ0ySffX8ngDZ\x22,Government,,None,0.0,1.0,0.0,0.0,0.0,0.0,0.0,0.0,0.0,0.0,0.0
241,,,,,,https://www.cdc.gov/disasters/extremeheat/heattips.html\x26amp;sa\x3dU\x26amp;ved\x3d2ahUKEwiXiKSw0NSBAxWhp5UCHQwRCmUQMHoECAYQHw\x26amp;usg\x3dAOvVaw2Y7yVfwO4R8hmsmnqXsWN8\x22,Government,,None,0.0,1.0,0.0,0.0,0.0,0.0,0.0,0.0,0.0,0.0,0.0
246,,,,,,"https://vikaspedia.in/social-welfare/disaster-management-1/guidelines-on-disaster-management/guidelines-on-management-of-heat-wave&amp;sa=U&amp;ved=2ahUKEwiu4emw0NSBAxUuqJUCHXokC7EQFnoECAYQAg&amp;usg=AOvVaw30mAcK_1_xh7mpN0ha7pIh""",Government,,India,0.0,1.0,0.0,0.0,0.0,0.0,0.0,0.0,0.0,0.0,0.0
253,,,,,,https://vikaspedia.in/social-welfare/disaster-management-1/guidelines-on-disaster-management/guidelines-on-management-of-heat-wave\x26amp;sa\x3dU\x26amp;ved\x3d2ahUKEwiu4emw0NSBAxUuqJUCHXokC7EQFnoECAgQDQ\x26amp;usg\x3dAOvVaw223lqsGoAasXpQN3TB71Ut\x22,Government,,India,0.0,0.0,0.0,0.0,0.0,0.0,0.0,0.0,0.0,0.0,0.0
254,,,,,,https://www.zurich.com/en/knowledge/topics/seasonal-hazards/nine-tips-to-reduce-heat-stress-in-the-workplace\x26amp;sa\x3dU\x26amp;ved\x3d2ahUKEwiu4emw0NSBAxUuqJUCHXokC7EQFnoECAgQFA\x26amp;usg\x3dAOvVaw1IlZ06gb5EF9Nzlmkk_bwv\x22,Other,,None,0.0,0.0,0.0,0.0,0.0,0.0,0.0,0.0,0.0,0.0,0.0
263,,,,,,"https://acphd.org/health-alerts/heat-advisory/&amp;sa=U&amp;ved=2ahUKEwj147Wx0NSBAxXmpJUCHRosDdgQFnoECAoQAg&amp;usg=AOvVaw2RcT5H_V69WgR-BFGsneAQ""",News Source,,None,0.0,1.0,0.0,0.0,0.0,0.0,0.0,0.0,0.0,0.0,0.0
264,,,,,,"http://publichealth.lacounty.gov/eh/climatechange/ExtremeHeat.htm&amp;sa=U&amp;ved=2ahUKEwj147Wx0NSBAxXmpJUCHRosDdgQFnoECAYQAg&amp;usg=AOvVaw3B3h2X3NWrIa6z5Lmiy-BY""",Government,,None,0.0,0.0,0.0,0.0,0.0,0.0,0.0,0.0,0.0,0.0,0.0
269,,,,,,https://www.weather.gov/safety/heat-ww\x26amp;sa\x3dU\x26amp;ved\x3d2ahUKEwj147Wx0NSBAxXmpJUCHRosDdgQFnoECAsQDQ\x26amp;usg\x3dAOvVaw2sD8gZGdewrieNxVe_GAOm\x22,Government,,None,0.0,0.0,0.0,0.0,0.0,0.0,0.0,0.0,0.0,0.0,0.0
