,Author(s),Title,Publication Date,Source,Page Numbers,Link,Category,Abstract,Countries,heatwave,heat wave,heat  wave,heat  action  plan,heat  health,heat early warning system,heat-health action plan,heat-health warning  systems,extreme heat management,heat wave management,public health heat wave alert,Predicted_Labels
600,,,,,,"https://toolkit.climate.gov/case-studies/developing-early-warning-system-prevent-heat-illness&amp;sa=U&amp;ved=2ahUKEwim9dau0NSBAxV4r5UCHWdHBvgQFnoECAYQAg&amp;usg=AOvVaw2mL_h9Q4FYWJGPB-l2LEL2""",Government,,American Samoa,0.0,1.0,0.0,0.0,0.0,0.0,0.0,0.0,0.0,0.0,0.0,0
596,,,,,,https://www.vox.com/22538401/texas-heat-wave-weather-definition-record-temperature-climate-change\x26amp;sa\x3dU\x26amp;ved\x3d2ahUKEwifndOr0NSBAxXQrZUCHegXCwsQFnoECAEQDQ\x26amp;usg\x3dAOvVaw24mF7Cbc5JVPYmwBw6C6-3\x22,Government,,Antarctica,0.0,1.0,0.0,0.0,0.0,0.0,0.0,0.0,0.0,0.0,0.0,0
132,"…, Ahmedabad Heat and Climate Study Group - International journal of …, 2014 - mdpi.com","Development and implementation of South Asia's first heat-health action plan in Ahmedabad (Gujarat, India)","…, Ahmedabad Heat and Climate Study Group - International journal of …, 2014 - mdpi.com","…, Ahmedabad Heat and Climate Study Group - International journal of …, 2014 - mdpi.com",[HTML] mdpi.com,https://www.mdpi.com/1660-4601/11/4/3473,Academic Journal,"… effort include a Heat Action Plan (HAP), and an extreme heat early warning … Heat Action 
Plan The HAP was developed as an administrative tool that would define different levels of heat …",Bangladesh,1.0,1.0,0.0,0.0,0.0,1.0,1.0,0.0,0.0,0.0,0.0,1
261,"K Knowlton, SP Kulkarni, GS Azhar… - International journal of …, 2014 - mdpi.com","Development and implementation of South Asia's first heat-health action plan in Ahmedabad (Gujarat, India)","K Knowlton, SP Kulkarni, GS Azhar… - International journal of …, 2014 - mdpi.com","K Knowlton, SP Kulkarni, GS Azhar… - International journal of …, 2014 - mdpi.com",[HTML] mdpi.com,https://www.mdpi.com/1660-4601/11/4/3473,Academic Journal,"… heat action plan for Ahmedabad. Its specific objectives were: (1) to assess heat-health impacts 
… project, offer details on the first heat-health action plan implemented in a South Asian city, …",Bangladesh,1.0,1.0,0.0,0.0,0.0,1.0,1.0,0.0,0.0,0.0,0.0,1
202,"A Casanueva, A Burgstall, S Kotlarski… - International journal of …, 2019 - mdpi.com",Overview of existing heat-health warning systems in Europe,"A Casanueva, A Burgstall, S Kotlarski… - International journal of …, 2019 - mdpi.com","A Casanueva, A Burgstall, S Kotlarski… - International journal of …, 2019 - mdpi.com",[PDF] mdpi.com,https://www.mdpi.com/1660-4601/16/15/2657,Academic Journal,"… , describes the heat early warning and heat action for … early warning system and inter-agency 
coordination, (3) capacity building among health care professionals and (4) reducing heat …",Belarus,1.0,1.0,0.0,0.0,0.0,0.0,1.0,0.0,0.0,0.0,0.0,1
145,"A Casanueva, A Burgstall, S Kotlarski… - … and public health, 2019 - mdpi.com",Overview of existing heat-health warning systems in Europe,"A Casanueva, A Burgstall, S Kotlarski… - … and public health, 2019 - mdpi.com","A Casanueva, A Burgstall, S Kotlarski… - … and public health, 2019 - mdpi.com",[PDF] mdpi.com,https://www.mdpi.com/1660-4601/16/15/2657,Academic Journal,"… European heat-health warning systems and heat-health action … heat-health warning systems, 
such as the one currently under development in the framework of the Horizon 2020 HEAT-…",Belarus,1.0,1.0,0.0,0.0,0.0,0.0,1.0,0.0,0.0,0.0,0.0,1
276,"A Casanueva, A Burgstall, S Kotlarski… - International journal of …, 2019 - mdpi.com",Overview of existing heat-health warning systems in Europe,"A Casanueva, A Burgstall, S Kotlarski… - International journal of …, 2019 - mdpi.com","A Casanueva, A Burgstall, S Kotlarski… - International journal of …, 2019 - mdpi.com",[PDF] mdpi.com,https://www.mdpi.com/1660-4601/16/15/2657,Academic Journal,"… Here we present a state-of-the-art review of HHWSs and heat-health action plans (HHAPs) 
of 16 countries, based on existing literature, web research and direct contact to National …",Belarus,1.0,1.0,0.0,0.0,0.0,0.0,1.0,0.0,0.0,0.0,0.0,1
335,"A Casanueva, A Burgstall, S Kotlarski… - International journal of …, 2019 - mdpi.com",Overview of existing heat-health warning systems in Europe,"A Casanueva, A Burgstall, S Kotlarski… - International journal of …, 2019 - mdpi.com","A Casanueva, A Burgstall, S Kotlarski… - International journal of …, 2019 - mdpi.com",[PDF] mdpi.com,https://www.mdpi.com/1660-4601/16/15/2657,Academic Journal,"… development of heat-health warning systems and action plans … of 16 European heat-health 
warning systems and heat-health … the way for future heat-health warning systems, such as the …",Belarus,1.0,1.0,0.0,0.0,0.0,0.0,1.0,0.0,0.0,0.0,0.0,1
570,,,,,,"https://en.wikipedia.org/wiki/Heat_wave%23Other_impacts&amp;sa=U&amp;ved=2ahUKEwifndOr0NSBAxXQrZUCHegXCwsQ0gJ6BAgKEAg&amp;usg=AOvVaw334Z6ts7_OOgnIOKCjBB_s""",Government,,Bermuda,1.0,1.0,0.0,0.0,0.0,0.0,0.0,0.0,0.0,0.0,0.0,1
518,,,,,,"https://en.wikipedia.org/wiki/Heat_wave%23Causes&amp;sa=U&amp;ved=2ahUKEwifndOr0NSBAxXQrZUCHegXCwsQ0gJ6BAgKEAY&amp;usg=AOvVaw0hA_kzKimtSIS8weSR5EFm""",Government,,Bermuda,1.0,1.0,0.0,0.0,0.0,0.0,0.0,0.0,0.0,0.0,0.0,1
544,,,,,,"https://en.wikipedia.org/wiki/Heat_wave%23Impacts_on_human_health&amp;sa=U&amp;ved=2ahUKEwifndOr0NSBAxXQrZUCHegXCwsQ0gJ6BAgKEAc&amp;usg=AOvVaw2FlAbveXvJtCjRkBbjMVLh""",Government,,Bermuda,1.0,1.0,0.0,0.0,0.0,0.0,0.0,0.0,0.0,0.0,0.0,1
492,,,,,,"https://en.wikipedia.org/wiki/Heat_wave%23Definitions&amp;sa=U&amp;ved=2ahUKEwifndOr0NSBAxXQrZUCHegXCwsQ0gJ6BAgKEAU&amp;usg=AOvVaw2-d6JISuJv7FiaIKRnTxqB""",Government,,Bermuda,1.0,1.0,0.0,0.0,0.0,0.0,0.0,0.0,0.0,0.0,0.0,1
168,"M Loughnan, N Nicholls… - International Journal of …, 2012 - downloads.hindawi.com",Mapping heat health risks in urban areas,"M Loughnan, N Nicholls… - International Journal of …, 2012 - downloads.hindawi.com","M Loughnan, N Nicholls… - International Journal of …, 2012 - downloads.hindawi.com",[PDF] hindawi.com,https://downloads.hindawi.com/archive/2012/518687.pdf,Academic Journal,"… , demographic, and health-related risk factors for heat stress. The spatial variations in … 
heat-related health outcomes in urban Melbourne. The index was weighted using measured health …",Cuba,0.0,0.0,0.0,0.0,0.0,0.0,0.0,0.0,0.0,0.0,0.0,1
49,"MA Coleman, AJP Minne, S Vranken, T Wernberg - Scientific reports, 2020 - nature.com",Genetic tropicalisation following a marine heatwave,"MA Coleman, AJP Minne, S Vranken, T Wernberg - Scientific reports, 2020 - nature.com","MA Coleman, AJP Minne, S Vranken, T Wernberg - Scientific reports, 2020 - nature.com",[HTML] nature.com,https://www.nature.com/articles/s41598-020-69665-w,Academic Journal,"… -occurring seaweeds within the footprint of the heatwave that opened space for rapid local 
… the footprint of the heatwave. Thus, extreme events such as marine heatwaves not only lead …",Cuba,1.0,1.0,0.0,0.0,0.0,0.0,0.0,0.0,0.0,0.0,0.0,1
251,"R Lowe, M García-Díez, J Ballester, J Creswick… - International journal of …, 2016 - mdpi.com",Evaluation of an early-warning system for heat wave-related mortality in Europe: Implications for sub-seasonal to seasonal forecasting and climate services,"R Lowe, M García-Díez, J Ballester, J Creswick… - International journal of …, 2016 - mdpi.com","R Lowe, M García-Díez, J Ballester, J Creswick… - International journal of …, 2016 - mdpi.com",[PDF] mdpi.com,https://www.mdpi.com/1660-4601/13/2/206,Academic Journal,"… climate-resilient health systems. A HHAP relies on early-warning systems for timely activation 
… These results are promising for the development of more localised early warning systems. …",Georgia,1.0,1.0,0.0,0.0,0.0,0.0,1.0,0.0,0.0,0.0,0.0,1
368,"A Matzarakis, G Laschewski, S Muthers - Atmosphere, 2020 - mdpi.com",The heat health warning system in Germany—Application and warnings for 2005 to 2019,"A Matzarakis, G Laschewski, S Muthers - Atmosphere, 2020 - mdpi.com","A Matzarakis, G Laschewski, S Muthers - Atmosphere, 2020 - mdpi.com",[PDF] mdpi.com,https://www.mdpi.com/2073-4433/11/2/170,Academic Journal,"… and warned by means of an advanced procedure known as a “heat health warning system 
(… European countries have implemented heat health warning systems as a consequence of …",Georgia,0.0,1.0,0.0,0.0,0.0,0.0,0.0,0.0,0.0,0.0,0.0,0
231,"A Matzarakis, G Laschewski, S Muthers - Atmosphere, 2020 - mdpi.com",The heat health warning system in Germany—Application and warnings for 2005 to 2019,"A Matzarakis, G Laschewski, S Muthers - Atmosphere, 2020 - mdpi.com","A Matzarakis, G Laschewski, S Muthers - Atmosphere, 2020 - mdpi.com",[PDF] mdpi.com,https://www.mdpi.com/2073-4433/11/2/170,Academic Journal,"… of an advanced procedure known as a “heat health warning system” (HHWS). It is aimed at 
… heat health warning systems as a consequence of the 2003 heat waves. Specific periods of …",Georgia,0.0,1.0,0.0,0.0,0.0,0.0,0.0,0.0,0.0,0.0,0.0,0
266,"K Knowlton, SP Kulkarni, GS Azhar… - International journal of …, 2014 - mdpi.com","Development and implementation of South Asia's first heat-health action plan in Ahmedabad (Gujarat, India)","K Knowlton, SP Kulkarni, GS Azhar… - International journal of …, 2014 - mdpi.com","K Knowlton, SP Kulkarni, GS Azhar… - International journal of …, 2014 - mdpi.com",[HTML] mdpi.com,https://www.mdpi.com/1660-4601/11/4/3473,Academic Journal,"… heat action plan for Ahmedabad. Its specific objectives were: (1) to assess heat-health impacts 
… project, offer details on the first heat-health action plan implemented in a South Asian city, …",Georgia,1.0,1.0,0.0,0.0,0.0,1.0,1.0,0.0,0.0,0.0,0.0,1
209,"A Casanueva, A Burgstall, S Kotlarski… - International journal of …, 2019 - mdpi.com",Overview of existing heat-health warning systems in Europe,"A Casanueva, A Burgstall, S Kotlarski… - International journal of …, 2019 - mdpi.com","A Casanueva, A Burgstall, S Kotlarski… - International journal of …, 2019 - mdpi.com",[PDF] mdpi.com,https://www.mdpi.com/1660-4601/16/15/2657,Academic Journal,"… , describes the heat early warning and heat action for … early warning system and inter-agency 
coordination, (3) capacity building among health care professionals and (4) reducing heat …",Georgia,1.0,1.0,0.0,0.0,0.0,0.0,1.0,0.0,0.0,0.0,0.0,1
283,"A Casanueva, A Burgstall, S Kotlarski… - International journal of …, 2019 - mdpi.com",Overview of existing heat-health warning systems in Europe,"A Casanueva, A Burgstall, S Kotlarski… - International journal of …, 2019 - mdpi.com","A Casanueva, A Burgstall, S Kotlarski… - International journal of …, 2019 - mdpi.com",[PDF] mdpi.com,https://www.mdpi.com/1660-4601/16/15/2657,Academic Journal,"… Here we present a state-of-the-art review of HHWSs and heat-health action plans (HHAPs) 
of 16 countries, based on existing literature, web research and direct contact to National …",Georgia,1.0,1.0,0.0,0.0,0.0,0.0,1.0,0.0,0.0,0.0,0.0,1
342,"A Casanueva, A Burgstall, S Kotlarski… - International journal of …, 2019 - mdpi.com",Overview of existing heat-health warning systems in Europe,"A Casanueva, A Burgstall, S Kotlarski… - International journal of …, 2019 - mdpi.com","A Casanueva, A Burgstall, S Kotlarski… - International journal of …, 2019 - mdpi.com",[PDF] mdpi.com,https://www.mdpi.com/1660-4601/16/15/2657,Academic Journal,"… development of heat-health warning systems and action plans … of 16 European heat-health 
warning systems and heat-health … the way for future heat-health warning systems, such as the …",Georgia,1.0,1.0,0.0,0.0,0.0,0.0,1.0,0.0,0.0,0.0,0.0,1
439,"D Lowe, KL Ebi, B Forsberg - … of environmental research and public health, 2011 - mdpi.com",Heatwave early warning systems and adaptation advice to reduce human health consequences of heatwaves,"D Lowe, KL Ebi, B Forsberg - … of environmental research and public health, 2011 - mdpi.com","D Lowe, KL Ebi, B Forsberg - … of environmental research and public health, 2011 - mdpi.com",[PDF] mdpi.com,https://www.mdpi.com/1660-4601/8/12/4623,Academic Journal,"… Within the notification strategies, none of the HEWS present heat health risk information in a 
… options for presenting the risks associated with heat waves. A review of statistical formats [40…",Georgia,1.0,1.0,0.0,0.0,0.0,0.0,0.0,0.0,0.0,0.0,0.0,1
152,"A Casanueva, A Burgstall, S Kotlarski… - … and public health, 2019 - mdpi.com",Overview of existing heat-health warning systems in Europe,"A Casanueva, A Burgstall, S Kotlarski… - … and public health, 2019 - mdpi.com","A Casanueva, A Burgstall, S Kotlarski… - … and public health, 2019 - mdpi.com",[PDF] mdpi.com,https://www.mdpi.com/1660-4601/16/15/2657,Academic Journal,"… European heat-health warning systems and heat-health action … heat-health warning systems, 
such as the one currently under development in the framework of the Horizon 2020 HEAT-…",Georgia,1.0,1.0,0.0,0.0,0.0,0.0,1.0,0.0,0.0,0.0,0.0,1
395,"M Morabito, A Messeri, P Noti, A Casanueva… - International journal of …, 2019 - mdpi.com",An occupational heat–health warning system for Europe: the HEAT-SHIELD platform,"M Morabito, A Messeri, P Noti, A Casanueva… - International journal of …, 2019 - mdpi.com","M Morabito, A Messeri, P Noti, A Casanueva… - International journal of …, 2019 - mdpi.com",[PDF] mdpi.com,https://www.mdpi.com/1660-4601/16/16/2890,Academic Journal,"… Existing heat–health warning systems focus on warning vulnerable groups in order to 
reduce mortality. However, human health and performance are affected at much lower …",Georgia,1.0,1.0,0.0,0.0,0.0,0.0,1.0,0.0,0.0,0.0,0.0,1
318,"HC Çulpan, Ü Şahin, G Can - Atmosphere, 2022 - mdpi.com",A Step to Develop Heat-Health Action Plan: Assessing Heat Waves' Impacts on Mortality,"HC Çulpan, Ü Şahin, G Can - Atmosphere, 2022 - mdpi.com","HC Çulpan, Ü Şahin, G Can - Atmosphere, 2022 - mdpi.com",[HTML] mdpi.com,https://www.mdpi.com/2073-4433/13/12/2126,Academic Journal,"… the implementation of Heat-Health Action Plans, which … the health system, and improvements 
in urban planning [15]. … Therefore, there is a need for local and national action plans …",Georgia,1.0,1.0,0.0,0.0,0.0,0.0,1.0,0.0,0.0,0.0,0.0,1
137,"…, Ahmedabad Heat and Climate Study Group - International journal of …, 2014 - mdpi.com","Development and implementation of South Asia's first heat-health action plan in Ahmedabad (Gujarat, India)","…, Ahmedabad Heat and Climate Study Group - International journal of …, 2014 - mdpi.com","…, Ahmedabad Heat and Climate Study Group - International journal of …, 2014 - mdpi.com",[HTML] mdpi.com,https://www.mdpi.com/1660-4601/11/4/3473,Academic Journal,"… effort include a Heat Action Plan (HAP), and an extreme heat early warning … Heat Action 
Plan The HAP was developed as an administrative tool that would define different levels of heat …",Georgia,1.0,1.0,0.0,0.0,0.0,1.0,1.0,0.0,0.0,0.0,0.0,1
463,"M Li, S Gu, P Bi, J Yang, Q Liu - … research and public health, 2015 - mdpi.com",Heat waves and morbidity: current knowledge and further direction-a comprehensive literature review,"M Li, S Gu, P Bi, J Yang, Q Liu - … research and public health, 2015 - mdpi.com","M Li, S Gu, P Bi, J Yang, Q Liu - … research and public health, 2015 - mdpi.com",[PDF] mdpi.com,https://www.mdpi.com/1660-4601/12/5/5256,Academic Journal,"… heat waves and the health indicators that can be used in the early warning systems to guide 
the public health … Yet there is a knowledge gap in the impact of heat waves on morbidity. In …",Georgia,1.0,1.0,0.0,0.0,0.0,0.0,0.0,0.0,0.0,0.0,0.0,1
482,"Y Chae, J Park - … Journal of Environmental Research and Public Health, 2021 - mdpi.com","Analysis on effectiveness of impact based heatwave warning considering severity and likelihood of health impacts in Seoul, Korea","Y Chae, J Park - … Journal of Environmental Research and Public Health, 2021 - mdpi.com","Y Chae, J Park - … Journal of Environmental Research and Public Health, 2021 - mdpi.com",[PDF] mdpi.com,https://www.mdpi.com/1660-4601/18/5/2380,Academic Journal,"… Some studies have shown that excess mortality from heat waves in London increased 
dramatically at about 19 C [30,31]. Emergency department visits (2011~2013) in Shanghai, China …",Georgia,1.0,1.0,0.0,0.0,0.0,0.0,0.0,0.0,0.0,0.0,0.0,1
25,"JR Nairn, RJB Fawcett - … journal of environmental research and public …, 2015 - mdpi.com",The excess heat factor: a metric for heatwave intensity and its use in classifying heatwave severity,"JR Nairn, RJB Fawcett - … journal of environmental research and public …, 2015 - mdpi.com","JR Nairn, RJB Fawcett - … journal of environmental research and public …, 2015 - mdpi.com",[PDF] mdpi.com,https://www.mdpi.com/1660-4601/12/1/227,Academic Journal,"… heatwaves threaten. Analysis and forecasts of low-intensity heatwaves would also be 
included in a heatwave … Measurement and tracking of more frequent low-intensity heatwaves …",Georgia,1.0,1.0,0.0,0.0,0.0,0.0,0.0,0.0,0.0,0.0,0.0,1
470,"A Nori-Sarma, T Benmarhnia, A Rajiva… - … and public health, 2019 - mdpi.com",Advancing our understanding of heat wave criteria and associated health impacts to improve heat wave alerts in developing country settings,"A Nori-Sarma, T Benmarhnia, A Rajiva… - … and public health, 2019 - mdpi.com","A Nori-Sarma, T Benmarhnia, A Rajiva… - … and public health, 2019 - mdpi.com",[PDF] mdpi.com,https://www.mdpi.com/1660-4601/16/12/2089,Academic Journal,"… can inform policy on heat wave alerts to maximize the public health impact while minimizing 
… during heat wave alerts; this may avoid saturating the public with heat wave warnings, which …",Georgia,1.0,1.0,0.0,0.0,0.0,0.0,1.0,0.0,0.0,0.0,0.0,1
37,"SE Perkins-Kirkpatrick, SC Lewis - Nature communications, 2020 - nature.com",Increasing trends in regional heatwaves,"SE Perkins-Kirkpatrick, SC Lewis - Nature communications, 2020 - nature.com","SE Perkins-Kirkpatrick, SC Lewis - Nature communications, 2020 - nature.com",[HTML] nature.comFull View,https://www.nature.com/articles/s41467-020-16970-7,Academic Journal,"… temperature dataset and key heatwave metrics, we systematically examine regional and 
global observed heatwave trends. In almost all regions, heatwave frequency demonstrates the …",Greenland,1.0,1.0,0.0,0.0,0.0,0.0,0.0,0.0,0.0,0.0,0.0,1
127,"JJ Hess, S Lm, K Knowlton, S Saha, P Dutta… - … of environmental and …, 2018 - hindawi.com",Building resilience to climate change: pilot evaluation of the impact of India's first heat action plan on all-cause mortality,"JJ Hess, S Lm, K Knowlton, S Saha, P Dutta… - … of environmental and …, 2018 - hindawi.com","JJ Hess, S Lm, K Knowlton, S Saha, P Dutta… - … of environmental and …, 2018 - hindawi.com",[HTML] hindawi.com,https://www.hindawi.com/journals/jeph/2018/7973519/abs/,Academic Journal,"… In low- and middle-income countries, there are very few heat action plans and there is a lack 
of … Our results indicate that that heat action plans may be effective in protecting vulnerable …",Greenland,1.0,1.0,0.0,0.0,0.0,1.0,1.0,0.0,0.0,0.0,0.0,1
117,"IJ Dwyer, SJE Barry, I Megiddo, CJ White - International journal of …, 2022 - Springer",Evaluations of heat action plans for reducing the health impacts of extreme heat: methodological developments (2012–2021) and remaining challenges,"IJ Dwyer, SJE Barry, I Megiddo, CJ White - International journal of …, 2022 - Springer","IJ Dwyer, SJE Barry, I Megiddo, CJ White - International journal of …, 2022 - Springer",[HTML] springer.com,https://link.springer.com/article/10.1007/s00484-022-02326-x,Academic Journal,"… In this study, we collated evaluations of heat-health action plans that assessed their 
effectiveness in reducing the adverse health outcomes of hot weather extremes. We examined 11 …",Greenland,1.0,1.0,0.0,0.0,0.0,0.0,1.0,0.0,0.0,0.0,0.0,1
154,"A Casanueva, A Burgstall, S Kotlarski… - … and public health, 2019 - mdpi.com",Overview of existing heat-health warning systems in Europe,"A Casanueva, A Burgstall, S Kotlarski… - … and public health, 2019 - mdpi.com","A Casanueva, A Burgstall, S Kotlarski… - … and public health, 2019 - mdpi.com",[PDF] mdpi.com,https://www.mdpi.com/1660-4601/16/15/2657,Academic Journal,"… European heat-health warning systems and heat-health action … heat-health warning systems, 
such as the one currently under development in the framework of the Horizon 2020 HEAT-…",Hong Kong,1.0,1.0,0.0,0.0,0.0,0.0,1.0,0.0,0.0,0.0,0.0,1
285,"A Casanueva, A Burgstall, S Kotlarski… - International journal of …, 2019 - mdpi.com",Overview of existing heat-health warning systems in Europe,"A Casanueva, A Burgstall, S Kotlarski… - International journal of …, 2019 - mdpi.com","A Casanueva, A Burgstall, S Kotlarski… - International journal of …, 2019 - mdpi.com",[PDF] mdpi.com,https://www.mdpi.com/1660-4601/16/15/2657,Academic Journal,"… Here we present a state-of-the-art review of HHWSs and heat-health action plans (HHAPs) 
of 16 countries, based on existing literature, web research and direct contact to National …",Hong Kong,1.0,1.0,0.0,0.0,0.0,0.0,1.0,0.0,0.0,0.0,0.0,1
344,"A Casanueva, A Burgstall, S Kotlarski… - International journal of …, 2019 - mdpi.com",Overview of existing heat-health warning systems in Europe,"A Casanueva, A Burgstall, S Kotlarski… - International journal of …, 2019 - mdpi.com","A Casanueva, A Burgstall, S Kotlarski… - International journal of …, 2019 - mdpi.com",[PDF] mdpi.com,https://www.mdpi.com/1660-4601/16/15/2657,Academic Journal,"… development of heat-health warning systems and action plans … of 16 European heat-health 
warning systems and heat-health … the way for future heat-health warning systems, such as the …",Hong Kong,1.0,1.0,0.0,0.0,0.0,0.0,1.0,0.0,0.0,0.0,0.0,1
483,"Y Chae, J Park - … Journal of Environmental Research and Public Health, 2021 - mdpi.com","Analysis on effectiveness of impact based heatwave warning considering severity and likelihood of health impacts in Seoul, Korea","Y Chae, J Park - … Journal of Environmental Research and Public Health, 2021 - mdpi.com","Y Chae, J Park - … Journal of Environmental Research and Public Health, 2021 - mdpi.com",[PDF] mdpi.com,https://www.mdpi.com/1660-4601/18/5/2380,Academic Journal,"… Some studies have shown that excess mortality from heat waves in London increased 
dramatically at about 19 C [30,31]. Emergency department visits (2011~2013) in Shanghai, China …",Hong Kong,1.0,1.0,0.0,0.0,0.0,0.0,0.0,0.0,0.0,0.0,0.0,1
211,"A Casanueva, A Burgstall, S Kotlarski… - International journal of …, 2019 - mdpi.com",Overview of existing heat-health warning systems in Europe,"A Casanueva, A Burgstall, S Kotlarski… - International journal of …, 2019 - mdpi.com","A Casanueva, A Burgstall, S Kotlarski… - International journal of …, 2019 - mdpi.com",[PDF] mdpi.com,https://www.mdpi.com/1660-4601/16/15/2657,Academic Journal,"… , describes the heat early warning and heat action for … early warning system and inter-agency 
coordination, (3) capacity building among health care professionals and (4) reducing heat …",Hong Kong,1.0,1.0,0.0,0.0,0.0,0.0,1.0,0.0,0.0,0.0,0.0,1
306,"HC Ho, K Lau, C Ren, D Wang - Environmental Science and Pollution …, 2022 - Springer",Systematic identification of heat events associated with emergency admissions to enhance the heat-health action plan in a subtropical city: a data-driven approach,"HC Ho, K Lau, C Ren, D Wang - Environmental Science and Pollution …, 2022 - Springer","HC Ho, K Lau, C Ren, D Wang - Environmental Science and Pollution …, 2022 - Springer",[PDF] cuhk.edu.hk,https://link.springer.com/article/10.1007/s11356-022-21963-8,Academic Journal,"… Reduction (UNDRR), a heat-health action plan should address various impacts of hazards 
… ) in Hong Kong in order to enhance the heat-health action plan. Immediate, short-term, and …",Hong Kong,1.0,1.0,0.0,0.0,0.0,0.0,1.0,0.0,1.0,0.0,0.0,0
128,"JJ Hess, S Lm, K Knowlton, S Saha, P Dutta… - … of environmental and …, 2018 - hindawi.com",Building resilience to climate change: pilot evaluation of the impact of India's first heat action plan on all-cause mortality,"JJ Hess, S Lm, K Knowlton, S Saha, P Dutta… - … of environmental and …, 2018 - hindawi.com","JJ Hess, S Lm, K Knowlton, S Saha, P Dutta… - … of environmental and …, 2018 - hindawi.com",[HTML] hindawi.com,https://www.hindawi.com/journals/jeph/2018/7973519/abs/,Academic Journal,"… In low- and middle-income countries, there are very few heat action plans and there is a lack 
of … Our results indicate that that heat action plans may be effective in protecting vulnerable …",Hong Kong,1.0,1.0,0.0,0.0,0.0,1.0,1.0,0.0,0.0,0.0,0.0,1
40,"SE Perkins-Kirkpatrick, SC Lewis - Nature communications, 2020 - nature.com",Increasing trends in regional heatwaves,"SE Perkins-Kirkpatrick, SC Lewis - Nature communications, 2020 - nature.com","SE Perkins-Kirkpatrick, SC Lewis - Nature communications, 2020 - nature.com",[HTML] nature.comFull View,https://www.nature.com/articles/s41467-020-16970-7,Academic Journal,"… temperature dataset and key heatwave metrics, we systematically examine regional and 
global observed heatwave trends. In almost all regions, heatwave frequency demonstrates the …",Iceland,1.0,1.0,0.0,0.0,0.0,0.0,0.0,0.0,0.0,0.0,0.0,1
578,,,,,,"https://en.wikipedia.org/wiki/Heat_wave%23Other_impacts&amp;sa=U&amp;ved=2ahUKEwifndOr0NSBAxXQrZUCHegXCwsQ0gJ6BAgKEAg&amp;usg=AOvVaw334Z6ts7_OOgnIOKCjBB_s""",Government,,Indonesia,1.0,1.0,0.0,0.0,0.0,0.0,0.0,0.0,0.0,0.0,0.0,1
526,,,,,,"https://en.wikipedia.org/wiki/Heat_wave%23Causes&amp;sa=U&amp;ved=2ahUKEwifndOr0NSBAxXQrZUCHegXCwsQ0gJ6BAgKEAY&amp;usg=AOvVaw0hA_kzKimtSIS8weSR5EFm""",Government,,Indonesia,1.0,1.0,0.0,0.0,0.0,0.0,0.0,0.0,0.0,0.0,0.0,1
500,,,,,,"https://en.wikipedia.org/wiki/Heat_wave%23Definitions&amp;sa=U&amp;ved=2ahUKEwifndOr0NSBAxXQrZUCHegXCwsQ0gJ6BAgKEAU&amp;usg=AOvVaw2-d6JISuJv7FiaIKRnTxqB""",Government,,Indonesia,1.0,1.0,0.0,0.0,0.0,0.0,0.0,0.0,0.0,0.0,0.0,1
38,"SE Perkins-Kirkpatrick, SC Lewis - Nature communications, 2020 - nature.com",Increasing trends in regional heatwaves,"SE Perkins-Kirkpatrick, SC Lewis - Nature communications, 2020 - nature.com","SE Perkins-Kirkpatrick, SC Lewis - Nature communications, 2020 - nature.com",[HTML] nature.comFull View,https://www.nature.com/articles/s41467-020-16970-7,Academic Journal,"… temperature dataset and key heatwave metrics, we systematically examine regional and 
global observed heatwave trends. In almost all regions, heatwave frequency demonstrates the …",Indonesia,1.0,1.0,0.0,0.0,0.0,0.0,0.0,0.0,0.0,0.0,0.0,1
552,,,,,,"https://en.wikipedia.org/wiki/Heat_wave%23Impacts_on_human_health&amp;sa=U&amp;ved=2ahUKEwifndOr0NSBAxXQrZUCHegXCwsQ0gJ6BAgKEAc&amp;usg=AOvVaw2FlAbveXvJtCjRkBbjMVLh""",Government,,Indonesia,1.0,1.0,0.0,0.0,0.0,0.0,0.0,0.0,0.0,0.0,0.0,1
530,,,,,,"https://en.wikipedia.org/wiki/Heat_wave%23Causes&amp;sa=U&amp;ved=2ahUKEwifndOr0NSBAxXQrZUCHegXCwsQ0gJ6BAgKEAY&amp;usg=AOvVaw0hA_kzKimtSIS8weSR5EFm""",Government,,Iran,1.0,1.0,0.0,0.0,0.0,0.0,0.0,0.0,0.0,0.0,0.0,1
320,"HC Çulpan, Ü Şahin, G Can - Atmosphere, 2022 - mdpi.com",A Step to Develop Heat-Health Action Plan: Assessing Heat Waves' Impacts on Mortality,"HC Çulpan, Ü Şahin, G Can - Atmosphere, 2022 - mdpi.com","HC Çulpan, Ü Şahin, G Can - Atmosphere, 2022 - mdpi.com",[HTML] mdpi.com,https://www.mdpi.com/2073-4433/13/12/2126,Academic Journal,"… the implementation of Heat-Health Action Plans, which … the health system, and improvements 
in urban planning [15]. … Therefore, there is a need for local and national action plans …",Iran,1.0,1.0,0.0,0.0,0.0,0.0,1.0,0.0,0.0,0.0,0.0,1
582,,,,,,"https://en.wikipedia.org/wiki/Heat_wave%23Other_impacts&amp;sa=U&amp;ved=2ahUKEwifndOr0NSBAxXQrZUCHegXCwsQ0gJ6BAgKEAg&amp;usg=AOvVaw334Z6ts7_OOgnIOKCjBB_s""",Government,,Iran,1.0,1.0,0.0,0.0,0.0,0.0,0.0,0.0,0.0,0.0,0.0,1
556,,,,,,"https://en.wikipedia.org/wiki/Heat_wave%23Impacts_on_human_health&amp;sa=U&amp;ved=2ahUKEwifndOr0NSBAxXQrZUCHegXCwsQ0gJ6BAgKEAc&amp;usg=AOvVaw2FlAbveXvJtCjRkBbjMVLh""",Government,,Iran,1.0,1.0,0.0,0.0,0.0,0.0,0.0,0.0,0.0,0.0,0.0,1
119,"IJ Dwyer, SJE Barry, I Megiddo, CJ White - International journal of …, 2022 - Springer",Evaluations of heat action plans for reducing the health impacts of extreme heat: methodological developments (2012–2021) and remaining challenges,"IJ Dwyer, SJE Barry, I Megiddo, CJ White - International journal of …, 2022 - Springer","IJ Dwyer, SJE Barry, I Megiddo, CJ White - International journal of …, 2022 - Springer",[HTML] springer.com,https://link.springer.com/article/10.1007/s00484-022-02326-x,Academic Journal,"… In this study, we collated evaluations of heat-health action plans that assessed their 
effectiveness in reducing the adverse health outcomes of hot weather extremes. We examined 11 …",Iran,1.0,1.0,0.0,0.0,0.0,0.0,1.0,0.0,0.0,0.0,0.0,1
504,,,,,,"https://en.wikipedia.org/wiki/Heat_wave%23Definitions&amp;sa=U&amp;ved=2ahUKEwifndOr0NSBAxXQrZUCHegXCwsQ0gJ6BAgKEAU&amp;usg=AOvVaw2-d6JISuJv7FiaIKRnTxqB""",Government,,Iran,1.0,1.0,0.0,0.0,0.0,0.0,0.0,0.0,0.0,0.0,0.0,1
554,,,,,,"https://en.wikipedia.org/wiki/Heat_wave%23Impacts_on_human_health&amp;sa=U&amp;ved=2ahUKEwifndOr0NSBAxXQrZUCHegXCwsQ0gJ6BAgKEAc&amp;usg=AOvVaw2FlAbveXvJtCjRkBbjMVLh""",Government,,Israel,1.0,1.0,0.0,0.0,0.0,0.0,0.0,0.0,0.0,0.0,0.0,1
528,,,,,,"https://en.wikipedia.org/wiki/Heat_wave%23Causes&amp;sa=U&amp;ved=2ahUKEwifndOr0NSBAxXQrZUCHegXCwsQ0gJ6BAgKEAY&amp;usg=AOvVaw0hA_kzKimtSIS8weSR5EFm""",Government,,Israel,1.0,1.0,0.0,0.0,0.0,0.0,0.0,0.0,0.0,0.0,0.0,1
502,,,,,,"https://en.wikipedia.org/wiki/Heat_wave%23Definitions&amp;sa=U&amp;ved=2ahUKEwifndOr0NSBAxXQrZUCHegXCwsQ0gJ6BAgKEAU&amp;usg=AOvVaw2-d6JISuJv7FiaIKRnTxqB""",Government,,Israel,1.0,1.0,0.0,0.0,0.0,0.0,0.0,0.0,0.0,0.0,0.0,1
580,,,,,,"https://en.wikipedia.org/wiki/Heat_wave%23Other_impacts&amp;sa=U&amp;ved=2ahUKEwifndOr0NSBAxXQrZUCHegXCwsQ0gJ6BAgKEAg&amp;usg=AOvVaw334Z6ts7_OOgnIOKCjBB_s""",Government,,Israel,1.0,1.0,0.0,0.0,0.0,0.0,0.0,0.0,0.0,0.0,0.0,1
441,"D Lowe, KL Ebi, B Forsberg - … of environmental research and public health, 2011 - mdpi.com",Heatwave early warning systems and adaptation advice to reduce human health consequences of heatwaves,"D Lowe, KL Ebi, B Forsberg - … of environmental research and public health, 2011 - mdpi.com","D Lowe, KL Ebi, B Forsberg - … of environmental research and public health, 2011 - mdpi.com",[PDF] mdpi.com,https://www.mdpi.com/1660-4601/8/12/4623,Academic Journal,"… Within the notification strategies, none of the HEWS present heat health risk information in a 
… options for presenting the risks associated with heat waves. A review of statistical formats [40…",Israel,1.0,1.0,0.0,0.0,0.0,0.0,0.0,0.0,0.0,0.0,0.0,1
180,"M Pascal, K Laaidi, M Ledrans, E Baffert… - International journal of …, 2006 - Springer",France's heat health watch warning system,"M Pascal, K Laaidi, M Ledrans, E Baffert… - International journal of …, 2006 - Springer","M Pascal, K Laaidi, M Ledrans, E Baffert… - International journal of …, 2006 - Springer",[PDF] academia.edu,https://link.springer.com/article/10.1007/s00484-005-0003-x,Academic Journal,"… exhaustion with dehydration to severe heat strokes and death. Heat strokes can occur 
less than … The lag time between heat exposure and indirect health effects depends on pre-existing …",Jordan,1.0,1.0,0.0,0.0,0.0,0.0,0.0,0.0,0.0,0.0,0.0,1
330,"M Pascal, K Laaidi, M Ledrans, E Baffert… - International journal of …, 2006 - Springer",France's heat health watch warning system,"M Pascal, K Laaidi, M Ledrans, E Baffert… - International journal of …, 2006 - Springer","M Pascal, K Laaidi, M Ledrans, E Baffert… - International journal of …, 2006 - Springer",[PDF] academia.edu,https://link.springer.com/article/10.1007/s00484-005-0003-x,Academic Journal,"… A national action plan was set up, using this watch warning … by the set up of an Action Plan 
in Marseille, after the 1983 event, … that the activation of the action plan is not totally unjustified. …",Jordan,1.0,1.0,0.0,0.0,0.0,0.0,0.0,0.0,0.0,0.0,0.0,1
385,"M Pascal, K Laaidi, M Ledrans, E Baffert… - International journal of …, 2006 - Springer",France's heat health watch warning system,"M Pascal, K Laaidi, M Ledrans, E Baffert… - International journal of …, 2006 - Springer","M Pascal, K Laaidi, M Ledrans, E Baffert… - International journal of …, 2006 - Springer",[PDF] academia.edu,https://link.springer.com/article/10.1007/s00484-005-0003-x,Academic Journal,"In 2003, a Heat Health Watch Warning System was developed in France to anticipate heat 
waves that may result in a large excess of mortality. The system was developed on the basis …",Jordan,1.0,1.0,0.0,0.0,0.0,0.0,0.0,0.0,0.0,0.0,0.0,1
8,"PA Stott, DA Stone, MR Allen - Nature, 2004 - nature.com",Human contribution to the European heatwave of 2003,"PA Stott, DA Stone, MR Allen - Nature, 2004 - nature.com","PA Stott, DA Stone, MR Allen - Nature, 2004 - nature.com",[PDF] grandkidzfuture.com,https://www.nature.com/articles/nature03089,Academic Journal,"… It is an ill-posed question whether the 2003 heatwave was … the risk of the occurrence of such 
a heatwave 6 , 7 , 8 . Here we … the risk of a heatwave exceeding this threshold magnitude. …",Laos,1.0,1.0,0.0,0.0,0.0,0.0,0.0,0.0,0.0,0.0,0.0,1
108,"PA Stott, DA Stone, MR Allen - Nature, 2004 - nature.com",Human contribution to the European heatwave of 2003,"PA Stott, DA Stone, MR Allen - Nature, 2004 - nature.com","PA Stott, DA Stone, MR Allen - Nature, 2004 - nature.com",[PDF] grandkidzfuture.com,https://www.nature.com/articles/nature03089,Academic Journal,"… We may have underestimated the FAR of a heatwave in 2003 by … Given the effects of the 
2003 heatwave, this suggests a … The 2003 heat wave in Europe: A shape of things to come? …",Laos,1.0,1.0,0.0,0.0,0.0,0.0,0.0,0.0,0.0,0.0,0.0,1
81,"PA Stott, DA Stone, MR Allen - Nature, 2004 - nature.com",Human contribution to the European heatwave of 2003,"PA Stott, DA Stone, MR Allen - Nature, 2004 - nature.com","PA Stott, DA Stone, MR Allen - Nature, 2004 - nature.com",[PDF] grandkidzfuture.com,https://www.nature.com/articles/nature03089,Academic Journal,"… We may have underestimated the FAR of a heatwave in 2003 by … Given the effects of the 
2003 heatwave, this suggests a … The 2003 heat wave in Europe: A shape of things to come? …",Laos,1.0,1.0,0.0,0.0,0.0,0.0,0.0,0.0,0.0,0.0,0.0,1
443,"D Lowe, KL Ebi, B Forsberg - … of environmental research and public health, 2011 - mdpi.com",Heatwave early warning systems and adaptation advice to reduce human health consequences of heatwaves,"D Lowe, KL Ebi, B Forsberg - … of environmental research and public health, 2011 - mdpi.com","D Lowe, KL Ebi, B Forsberg - … of environmental research and public health, 2011 - mdpi.com",[PDF] mdpi.com,https://www.mdpi.com/1660-4601/8/12/4623,Academic Journal,"… Within the notification strategies, none of the HEWS present heat health risk information in a 
… options for presenting the risks associated with heat waves. A review of statistical formats [40…",Lithuania,1.0,1.0,0.0,0.0,0.0,0.0,0.0,0.0,0.0,0.0,0.0,1
444,"D Lowe, KL Ebi, B Forsberg - … of environmental research and public health, 2011 - mdpi.com",Heatwave early warning systems and adaptation advice to reduce human health consequences of heatwaves,"D Lowe, KL Ebi, B Forsberg - … of environmental research and public health, 2011 - mdpi.com","D Lowe, KL Ebi, B Forsberg - … of environmental research and public health, 2011 - mdpi.com",[PDF] mdpi.com,https://www.mdpi.com/1660-4601/8/12/4623,Academic Journal,"… Within the notification strategies, none of the HEWS present heat health risk information in a 
… options for presenting the risks associated with heat waves. A review of statistical formats [40…",Luxembourg,1.0,1.0,0.0,0.0,0.0,0.0,0.0,0.0,0.0,0.0,0.0,1
558,,,,,,"https://en.wikipedia.org/wiki/Heat_wave%23Impacts_on_human_health&amp;sa=U&amp;ved=2ahUKEwifndOr0NSBAxXQrZUCHegXCwsQ0gJ6BAgKEAc&amp;usg=AOvVaw2FlAbveXvJtCjRkBbjMVLh""",Government,,Luxembourg,1.0,1.0,0.0,0.0,0.0,0.0,0.0,0.0,0.0,0.0,0.0,1
532,,,,,,"https://en.wikipedia.org/wiki/Heat_wave%23Causes&amp;sa=U&amp;ved=2ahUKEwifndOr0NSBAxXQrZUCHegXCwsQ0gJ6BAgKEAY&amp;usg=AOvVaw0hA_kzKimtSIS8weSR5EFm""",Government,,Luxembourg,1.0,1.0,0.0,0.0,0.0,0.0,0.0,0.0,0.0,0.0,0.0,1
584,,,,,,"https://en.wikipedia.org/wiki/Heat_wave%23Other_impacts&amp;sa=U&amp;ved=2ahUKEwifndOr0NSBAxXQrZUCHegXCwsQ0gJ6BAgKEAg&amp;usg=AOvVaw334Z6ts7_OOgnIOKCjBB_s""",Government,,Luxembourg,1.0,1.0,0.0,0.0,0.0,0.0,0.0,0.0,0.0,0.0,0.0,1
506,,,,,,"https://en.wikipedia.org/wiki/Heat_wave%23Definitions&amp;sa=U&amp;ved=2ahUKEwifndOr0NSBAxXQrZUCHegXCwsQ0gJ6BAgKEAU&amp;usg=AOvVaw2-d6JISuJv7FiaIKRnTxqB""",Government,,Luxembourg,1.0,1.0,0.0,0.0,0.0,0.0,0.0,0.0,0.0,0.0,0.0,1
472,"A Nori-Sarma, T Benmarhnia, A Rajiva… - … and public health, 2019 - mdpi.com",Advancing our understanding of heat wave criteria and associated health impacts to improve heat wave alerts in developing country settings,"A Nori-Sarma, T Benmarhnia, A Rajiva… - … and public health, 2019 - mdpi.com","A Nori-Sarma, T Benmarhnia, A Rajiva… - … and public health, 2019 - mdpi.com",[PDF] mdpi.com,https://www.mdpi.com/1660-4601/16/12/2089,Academic Journal,"… can inform policy on heat wave alerts to maximize the public health impact while minimizing 
… during heat wave alerts; this may avoid saturating the public with heat wave warnings, which …",Nepal,1.0,1.0,0.0,0.0,0.0,0.0,1.0,0.0,0.0,0.0,0.0,1
122,"IJ Dwyer, SJE Barry, I Megiddo, CJ White - International journal of …, 2022 - Springer",Evaluations of heat action plans for reducing the health impacts of extreme heat: methodological developments (2012–2021) and remaining challenges,"IJ Dwyer, SJE Barry, I Megiddo, CJ White - International journal of …, 2022 - Springer","IJ Dwyer, SJE Barry, I Megiddo, CJ White - International journal of …, 2022 - Springer",[HTML] springer.com,https://link.springer.com/article/10.1007/s00484-022-02326-x,Academic Journal,"… In this study, we collated evaluations of heat-health action plans that assessed their 
effectiveness in reducing the adverse health outcomes of hot weather extremes. We examined 11 …",New Zealand,1.0,1.0,0.0,0.0,0.0,0.0,1.0,0.0,0.0,0.0,0.0,1
413,"LS Kalkstein, SC Sheridan, AJ Kalkstein - Biometeorology for adaptation …, 2009 - Springer","Heat/health warning systems: development, implementation, and intervention activities","LS Kalkstein, SC Sheridan, AJ Kalkstein - Biometeorology for adaptation …, 2009 - Springer","LS Kalkstein, SC Sheridan, AJ Kalkstein - Biometeorology for adaptation …, 2009 - Springer",[PDF] researchgate.net,https://link.springer.com/chapter/10.1007/978-1-4020-8921-3_3,Academic Journal,"… Kalkstein, LS, 2002: Description of our heat/health watch warning systems: their nature and 
… Kalkstein, LS, 2006: Heat and health: methodological considerations for warning system …",New Zealand,1.0,1.0,0.0,0.0,0.0,0.0,0.0,0.0,0.0,0.0,0.0,1
139,"…, Ahmedabad Heat and Climate Study Group - International journal of …, 2014 - mdpi.com","Development and implementation of South Asia's first heat-health action plan in Ahmedabad (Gujarat, India)","…, Ahmedabad Heat and Climate Study Group - International journal of …, 2014 - mdpi.com","…, Ahmedabad Heat and Climate Study Group - International journal of …, 2014 - mdpi.com",[HTML] mdpi.com,https://www.mdpi.com/1660-4601/11/4/3473,Academic Journal,"… effort include a Heat Action Plan (HAP), and an extreme heat early warning … Heat Action 
Plan The HAP was developed as an administrative tool that would define different levels of heat …",Oman,1.0,1.0,0.0,0.0,0.0,1.0,1.0,0.0,0.0,0.0,0.0,1
466,"M Li, S Gu, P Bi, J Yang, Q Liu - … research and public health, 2015 - mdpi.com",Heat waves and morbidity: current knowledge and further direction-a comprehensive literature review,"M Li, S Gu, P Bi, J Yang, Q Liu - … research and public health, 2015 - mdpi.com","M Li, S Gu, P Bi, J Yang, Q Liu - … research and public health, 2015 - mdpi.com",[PDF] mdpi.com,https://www.mdpi.com/1660-4601/12/5/5256,Academic Journal,"… heat waves and the health indicators that can be used in the early warning systems to guide 
the public health … Yet there is a knowledge gap in the impact of heat waves on morbidity. In …",Oman,1.0,1.0,0.0,0.0,0.0,0.0,0.0,0.0,0.0,0.0,0.0,1
588,,,,,,"https://en.wikipedia.org/wiki/Heat_wave%23Other_impacts&amp;sa=U&amp;ved=2ahUKEwifndOr0NSBAxXQrZUCHegXCwsQ0gJ6BAgKEAg&amp;usg=AOvVaw334Z6ts7_OOgnIOKCjBB_s""",Government,,Oman,1.0,1.0,0.0,0.0,0.0,0.0,0.0,0.0,0.0,0.0,0.0,1
98,"J Tan, Y Zheng, G Song, LS Kalkstein… - International journal of …, 2007 - Springer","Heat wave impacts on mortality in Shanghai, 1998 and 2003","J Tan, Y Zheng, G Song, LS Kalkstein… - International journal of …, 2007 - Springer","J Tan, Y Zheng, G Song, LS Kalkstein… - International journal of …, 2007 - Springer",[PDF] researchgate.net,https://link.springer.com/article/10.1007/s00484-006-0058-3,Academic Journal,"… , heat waves both in 1998 and in 2003 all led to elevated mortality in Shanghai, China. While 
the heat waves … two years’ heat waves, and to better understand how heat impacts human …",Oman,1.0,1.0,0.0,0.0,0.0,0.0,0.0,0.0,0.0,0.0,0.0,1
28,"JR Nairn, RJB Fawcett - … journal of environmental research and public …, 2015 - mdpi.com",The excess heat factor: a metric for heatwave intensity and its use in classifying heatwave severity,"JR Nairn, RJB Fawcett - … journal of environmental research and public …, 2015 - mdpi.com","JR Nairn, RJB Fawcett - … journal of environmental research and public …, 2015 - mdpi.com",[PDF] mdpi.com,https://www.mdpi.com/1660-4601/12/1/227,Academic Journal,"… heatwaves threaten. Analysis and forecasts of low-intensity heatwaves would also be 
included in a heatwave … Measurement and tracking of more frequent low-intensity heatwaves …",Oman,1.0,1.0,0.0,0.0,0.0,0.0,0.0,0.0,0.0,0.0,0.0,1
487,"Y Chae, J Park - … Journal of Environmental Research and Public Health, 2021 - mdpi.com","Analysis on effectiveness of impact based heatwave warning considering severity and likelihood of health impacts in Seoul, Korea","Y Chae, J Park - … Journal of Environmental Research and Public Health, 2021 - mdpi.com","Y Chae, J Park - … Journal of Environmental Research and Public Health, 2021 - mdpi.com",[PDF] mdpi.com,https://www.mdpi.com/1660-4601/18/5/2380,Academic Journal,"… Some studies have shown that excess mortality from heat waves in London increased 
dramatically at about 19 C [30,31]. Emergency department visits (2011~2013) in Shanghai, China …",Oman,1.0,1.0,0.0,0.0,0.0,0.0,0.0,0.0,0.0,0.0,0.0,1
71,"J Tan, Y Zheng, G Song, LS Kalkstein… - International journal of …, 2007 - Springer","Heat wave impacts on mortality in Shanghai, 1998 and 2003","J Tan, Y Zheng, G Song, LS Kalkstein… - International journal of …, 2007 - Springer","J Tan, Y Zheng, G Song, LS Kalkstein… - International journal of …, 2007 - Springer",[PDF] researchgate.net,https://link.springer.com/article/10.1007/s00484-006-0058-3,Academic Journal,"… , heat waves both in 1998 and in 2003 all led to elevated mortality in Shanghai, China. While 
the heat waves … two years’ heat waves, and to better understand how heat impacts human …",Oman,1.0,1.0,0.0,0.0,0.0,0.0,0.0,0.0,0.0,0.0,0.0,1
55,"MA Coleman, AJP Minne, S Vranken, T Wernberg - Scientific reports, 2020 - nature.com",Genetic tropicalisation following a marine heatwave,"MA Coleman, AJP Minne, S Vranken, T Wernberg - Scientific reports, 2020 - nature.com","MA Coleman, AJP Minne, S Vranken, T Wernberg - Scientific reports, 2020 - nature.com",[HTML] nature.com,https://www.nature.com/articles/s41598-020-69665-w,Academic Journal,"… -occurring seaweeds within the footprint of the heatwave that opened space for rapid local 
… the footprint of the heatwave. Thus, extreme events such as marine heatwaves not only lead …",Oman,1.0,1.0,0.0,0.0,0.0,0.0,0.0,0.0,0.0,0.0,0.0,1
448,"D Lowe, KL Ebi, B Forsberg - … of environmental research and public health, 2011 - mdpi.com",Heatwave early warning systems and adaptation advice to reduce human health consequences of heatwaves,"D Lowe, KL Ebi, B Forsberg - … of environmental research and public health, 2011 - mdpi.com","D Lowe, KL Ebi, B Forsberg - … of environmental research and public health, 2011 - mdpi.com",[PDF] mdpi.com,https://www.mdpi.com/1660-4601/8/12/4623,Academic Journal,"… Within the notification strategies, none of the HEWS present heat health risk information in a 
… options for presenting the risks associated with heat waves. A review of statistical formats [40…",Oman,1.0,1.0,0.0,0.0,0.0,0.0,0.0,0.0,0.0,0.0,0.0,1
473,"A Nori-Sarma, T Benmarhnia, A Rajiva… - … and public health, 2019 - mdpi.com",Advancing our understanding of heat wave criteria and associated health impacts to improve heat wave alerts in developing country settings,"A Nori-Sarma, T Benmarhnia, A Rajiva… - … and public health, 2019 - mdpi.com","A Nori-Sarma, T Benmarhnia, A Rajiva… - … and public health, 2019 - mdpi.com",[PDF] mdpi.com,https://www.mdpi.com/1660-4601/16/12/2089,Academic Journal,"… can inform policy on heat wave alerts to maximize the public health impact while minimizing 
… during heat wave alerts; this may avoid saturating the public with heat wave warnings, which …",Oman,1.0,1.0,0.0,0.0,0.0,0.0,1.0,0.0,0.0,0.0,0.0,1
322,"HC Çulpan, Ü Şahin, G Can - Atmosphere, 2022 - mdpi.com",A Step to Develop Heat-Health Action Plan: Assessing Heat Waves' Impacts on Mortality,"HC Çulpan, Ü Şahin, G Can - Atmosphere, 2022 - mdpi.com","HC Çulpan, Ü Şahin, G Can - Atmosphere, 2022 - mdpi.com",[HTML] mdpi.com,https://www.mdpi.com/2073-4433/13/12/2126,Academic Journal,"… the implementation of Heat-Health Action Plans, which … the health system, and improvements 
in urban planning [15]. … Therefore, there is a need for local and national action plans …",Oman,1.0,1.0,0.0,0.0,0.0,0.0,1.0,0.0,0.0,0.0,0.0,1
375,"A Matzarakis, G Laschewski, S Muthers - Atmosphere, 2020 - mdpi.com",The heat health warning system in Germany—Application and warnings for 2005 to 2019,"A Matzarakis, G Laschewski, S Muthers - Atmosphere, 2020 - mdpi.com","A Matzarakis, G Laschewski, S Muthers - Atmosphere, 2020 - mdpi.com",[PDF] mdpi.com,https://www.mdpi.com/2073-4433/11/2/170,Academic Journal,"… and warned by means of an advanced procedure known as a “heat health warning system 
(… European countries have implemented heat health warning systems as a consequence of …",Oman,0.0,1.0,0.0,0.0,0.0,0.0,0.0,0.0,0.0,0.0,0.0,0
268,"K Knowlton, SP Kulkarni, GS Azhar… - International journal of …, 2014 - mdpi.com","Development and implementation of South Asia's first heat-health action plan in Ahmedabad (Gujarat, India)","K Knowlton, SP Kulkarni, GS Azhar… - International journal of …, 2014 - mdpi.com","K Knowlton, SP Kulkarni, GS Azhar… - International journal of …, 2014 - mdpi.com",[HTML] mdpi.com,https://www.mdpi.com/1660-4601/11/4/3473,Academic Journal,"… heat action plan for Ahmedabad. Its specific objectives were: (1) to assess heat-health impacts 
… project, offer details on the first heat-health action plan implemented in a South Asian city, …",Oman,1.0,1.0,0.0,0.0,0.0,1.0,1.0,0.0,0.0,0.0,0.0,1
256,"R Lowe, M García-Díez, J Ballester, J Creswick… - International journal of …, 2016 - mdpi.com",Evaluation of an early-warning system for heat wave-related mortality in Europe: Implications for sub-seasonal to seasonal forecasting and climate services,"R Lowe, M García-Díez, J Ballester, J Creswick… - International journal of …, 2016 - mdpi.com","R Lowe, M García-Díez, J Ballester, J Creswick… - International journal of …, 2016 - mdpi.com",[PDF] mdpi.com,https://www.mdpi.com/1660-4601/13/2/206,Academic Journal,"… climate-resilient health systems. A HHAP relies on early-warning systems for timely activation 
… These results are promising for the development of more localised early warning systems. …",Oman,1.0,1.0,0.0,0.0,0.0,0.0,1.0,0.0,0.0,0.0,0.0,1
351,"A Casanueva, A Burgstall, S Kotlarski… - International journal of …, 2019 - mdpi.com",Overview of existing heat-health warning systems in Europe,"A Casanueva, A Burgstall, S Kotlarski… - International journal of …, 2019 - mdpi.com","A Casanueva, A Burgstall, S Kotlarski… - International journal of …, 2019 - mdpi.com",[PDF] mdpi.com,https://www.mdpi.com/1660-4601/16/15/2657,Academic Journal,"… development of heat-health warning systems and action plans … of 16 European heat-health 
warning systems and heat-health … the way for future heat-health warning systems, such as the …",Oman,1.0,1.0,0.0,0.0,0.0,0.0,1.0,0.0,0.0,0.0,0.0,1
562,,,,,,"https://en.wikipedia.org/wiki/Heat_wave%23Impacts_on_human_health&amp;sa=U&amp;ved=2ahUKEwifndOr0NSBAxXQrZUCHegXCwsQ0gJ6BAgKEAc&amp;usg=AOvVaw2FlAbveXvJtCjRkBbjMVLh""",Government,,Oman,1.0,1.0,0.0,0.0,0.0,0.0,0.0,0.0,0.0,0.0,0.0,1
292,"A Casanueva, A Burgstall, S Kotlarski… - International journal of …, 2019 - mdpi.com",Overview of existing heat-health warning systems in Europe,"A Casanueva, A Burgstall, S Kotlarski… - International journal of …, 2019 - mdpi.com","A Casanueva, A Burgstall, S Kotlarski… - International journal of …, 2019 - mdpi.com",[PDF] mdpi.com,https://www.mdpi.com/1660-4601/16/15/2657,Academic Journal,"… Here we present a state-of-the-art review of HHWSs and heat-health action plans (HHAPs) 
of 16 countries, based on existing literature, web research and direct contact to National …",Oman,1.0,1.0,0.0,0.0,0.0,0.0,1.0,0.0,0.0,0.0,0.0,1
536,,,,,,"https://en.wikipedia.org/wiki/Heat_wave%23Causes&amp;sa=U&amp;ved=2ahUKEwifndOr0NSBAxXQrZUCHegXCwsQ0gJ6BAgKEAY&amp;usg=AOvVaw0hA_kzKimtSIS8weSR5EFm""",Government,,Oman,1.0,1.0,0.0,0.0,0.0,0.0,0.0,0.0,0.0,0.0,0.0,1
510,,,,,,"https://en.wikipedia.org/wiki/Heat_wave%23Definitions&amp;sa=U&amp;ved=2ahUKEwifndOr0NSBAxXQrZUCHegXCwsQ0gJ6BAgKEAU&amp;usg=AOvVaw2-d6JISuJv7FiaIKRnTxqB""",Government,,Oman,1.0,1.0,0.0,0.0,0.0,0.0,0.0,0.0,0.0,0.0,0.0,1
403,"M Morabito, A Messeri, P Noti, A Casanueva… - International journal of …, 2019 - mdpi.com",An occupational heat–health warning system for Europe: the HEAT-SHIELD platform,"M Morabito, A Messeri, P Noti, A Casanueva… - International journal of …, 2019 - mdpi.com","M Morabito, A Messeri, P Noti, A Casanueva… - International journal of …, 2019 - mdpi.com",[PDF] mdpi.com,https://www.mdpi.com/1660-4601/16/16/2890,Academic Journal,"… Existing heat–health warning systems focus on warning vulnerable groups in order to 
reduce mortality. However, human health and performance are affected at much lower …",Oman,1.0,1.0,0.0,0.0,0.0,0.0,1.0,0.0,0.0,0.0,0.0,1
218,"A Casanueva, A Burgstall, S Kotlarski… - International journal of …, 2019 - mdpi.com",Overview of existing heat-health warning systems in Europe,"A Casanueva, A Burgstall, S Kotlarski… - International journal of …, 2019 - mdpi.com","A Casanueva, A Burgstall, S Kotlarski… - International journal of …, 2019 - mdpi.com",[PDF] mdpi.com,https://www.mdpi.com/1660-4601/16/15/2657,Academic Journal,"… , describes the heat early warning and heat action for … early warning system and inter-agency 
coordination, (3) capacity building among health care professionals and (4) reducing heat …",Oman,1.0,1.0,0.0,0.0,0.0,0.0,1.0,0.0,0.0,0.0,0.0,1
427,"SJ Barbeaux, K Holsman, S Zador - Frontiers in Marine Science, 2020 - frontiersin.org",Marine heatwave stress test of ecosystem-based fisheries management in the Gulf of Alaska Pacific cod fishery,"SJ Barbeaux, K Holsman, S Zador - Frontiers in Marine Science, 2020 - frontiersin.org","SJ Barbeaux, K Holsman, S Zador - Frontiers in Marine Science, 2020 - frontiersin.org",[HTML] frontiersin.org,https://www.frontiersin.org/articles/10.3389/fmars.2020.00703/full,Academic Journal,"… with ecosystem-based fisheries management in the context of … management system in the 
North Pacific handled this shock. We also provide suggestions on how fisheries management …",Oman,1.0,1.0,0.0,0.0,0.0,0.0,0.0,0.0,0.0,0.0,0.0,1
161,"A Casanueva, A Burgstall, S Kotlarski… - … and public health, 2019 - mdpi.com",Overview of existing heat-health warning systems in Europe,"A Casanueva, A Burgstall, S Kotlarski… - … and public health, 2019 - mdpi.com","A Casanueva, A Burgstall, S Kotlarski… - … and public health, 2019 - mdpi.com",[PDF] mdpi.com,https://www.mdpi.com/1660-4601/16/15/2657,Academic Journal,"… European heat-health warning systems and heat-health action … heat-health warning systems, 
such as the one currently under development in the framework of the Horizon 2020 HEAT-…",Oman,1.0,1.0,0.0,0.0,0.0,0.0,1.0,0.0,0.0,0.0,0.0,1
238,"A Matzarakis, G Laschewski, S Muthers - Atmosphere, 2020 - mdpi.com",The heat health warning system in Germany—Application and warnings for 2005 to 2019,"A Matzarakis, G Laschewski, S Muthers - Atmosphere, 2020 - mdpi.com","A Matzarakis, G Laschewski, S Muthers - Atmosphere, 2020 - mdpi.com",[PDF] mdpi.com,https://www.mdpi.com/2073-4433/11/2/170,Academic Journal,"… of an advanced procedure known as a “heat health warning system” (HHWS). It is aimed at 
… heat health warning systems as a consequence of the 2003 heat waves. Specific periods of …",Oman,0.0,1.0,0.0,0.0,0.0,0.0,0.0,0.0,0.0,0.0,0.0,0
563,,,,,,"https://en.wikipedia.org/wiki/Heat_wave%23Impacts_on_human_health&amp;sa=U&amp;ved=2ahUKEwifndOr0NSBAxXQrZUCHegXCwsQ0gJ6BAgKEAc&amp;usg=AOvVaw2FlAbveXvJtCjRkBbjMVLh""",Government,,Pakistan,1.0,1.0,0.0,0.0,0.0,0.0,0.0,0.0,0.0,0.0,0.0,1
474,"A Nori-Sarma, T Benmarhnia, A Rajiva… - … and public health, 2019 - mdpi.com",Advancing our understanding of heat wave criteria and associated health impacts to improve heat wave alerts in developing country settings,"A Nori-Sarma, T Benmarhnia, A Rajiva… - … and public health, 2019 - mdpi.com","A Nori-Sarma, T Benmarhnia, A Rajiva… - … and public health, 2019 - mdpi.com",[PDF] mdpi.com,https://www.mdpi.com/1660-4601/16/12/2089,Academic Journal,"… can inform policy on heat wave alerts to maximize the public health impact while minimizing 
… during heat wave alerts; this may avoid saturating the public with heat wave warnings, which …",Pakistan,1.0,1.0,0.0,0.0,0.0,0.0,1.0,0.0,0.0,0.0,0.0,1
537,,,,,,"https://en.wikipedia.org/wiki/Heat_wave%23Causes&amp;sa=U&amp;ved=2ahUKEwifndOr0NSBAxXQrZUCHegXCwsQ0gJ6BAgKEAY&amp;usg=AOvVaw0hA_kzKimtSIS8weSR5EFm""",Government,,Pakistan,1.0,1.0,0.0,0.0,0.0,0.0,0.0,0.0,0.0,0.0,0.0,1
511,,,,,,"https://en.wikipedia.org/wiki/Heat_wave%23Definitions&amp;sa=U&amp;ved=2ahUKEwifndOr0NSBAxXQrZUCHegXCwsQ0gJ6BAgKEAU&amp;usg=AOvVaw2-d6JISuJv7FiaIKRnTxqB""",Government,,Pakistan,1.0,1.0,0.0,0.0,0.0,0.0,0.0,0.0,0.0,0.0,0.0,1
269,"K Knowlton, SP Kulkarni, GS Azhar… - International journal of …, 2014 - mdpi.com","Development and implementation of South Asia's first heat-health action plan in Ahmedabad (Gujarat, India)","K Knowlton, SP Kulkarni, GS Azhar… - International journal of …, 2014 - mdpi.com","K Knowlton, SP Kulkarni, GS Azhar… - International journal of …, 2014 - mdpi.com",[HTML] mdpi.com,https://www.mdpi.com/1660-4601/11/4/3473,Academic Journal,"… heat action plan for Ahmedabad. Its specific objectives were: (1) to assess heat-health impacts 
… project, offer details on the first heat-health action plan implemented in a South Asian city, …",Pakistan,1.0,1.0,0.0,0.0,0.0,1.0,1.0,0.0,0.0,0.0,0.0,1
589,,,,,,"https://en.wikipedia.org/wiki/Heat_wave%23Other_impacts&amp;sa=U&amp;ved=2ahUKEwifndOr0NSBAxXQrZUCHegXCwsQ0gJ6BAgKEAg&amp;usg=AOvVaw334Z6ts7_OOgnIOKCjBB_s""",Government,,Pakistan,1.0,1.0,0.0,0.0,0.0,0.0,0.0,0.0,0.0,0.0,0.0,1
323,"HC Çulpan, Ü Şahin, G Can - Atmosphere, 2022 - mdpi.com",A Step to Develop Heat-Health Action Plan: Assessing Heat Waves' Impacts on Mortality,"HC Çulpan, Ü Şahin, G Can - Atmosphere, 2022 - mdpi.com","HC Çulpan, Ü Şahin, G Can - Atmosphere, 2022 - mdpi.com",[HTML] mdpi.com,https://www.mdpi.com/2073-4433/13/12/2126,Academic Journal,"… the implementation of Heat-Health Action Plans, which … the health system, and improvements 
in urban planning [15]. … Therefore, there is a need for local and national action plans …",Pakistan,1.0,1.0,0.0,0.0,0.0,0.0,1.0,0.0,0.0,0.0,0.0,1
140,"…, Ahmedabad Heat and Climate Study Group - International journal of …, 2014 - mdpi.com","Development and implementation of South Asia's first heat-health action plan in Ahmedabad (Gujarat, India)","…, Ahmedabad Heat and Climate Study Group - International journal of …, 2014 - mdpi.com","…, Ahmedabad Heat and Climate Study Group - International journal of …, 2014 - mdpi.com",[HTML] mdpi.com,https://www.mdpi.com/1660-4601/11/4/3473,Academic Journal,"… effort include a Heat Action Plan (HAP), and an extreme heat early warning … Heat Action 
Plan The HAP was developed as an administrative tool that would define different levels of heat …",Pakistan,1.0,1.0,0.0,0.0,0.0,1.0,1.0,0.0,0.0,0.0,0.0,1
449,"D Lowe, KL Ebi, B Forsberg - … of environmental research and public health, 2011 - mdpi.com",Heatwave early warning systems and adaptation advice to reduce human health consequences of heatwaves,"D Lowe, KL Ebi, B Forsberg - … of environmental research and public health, 2011 - mdpi.com","D Lowe, KL Ebi, B Forsberg - … of environmental research and public health, 2011 - mdpi.com",[PDF] mdpi.com,https://www.mdpi.com/1660-4601/8/12/4623,Academic Journal,"… Within the notification strategies, none of the HEWS present heat health risk information in a 
… options for presenting the risks associated with heat waves. A review of statistical formats [40…",Panama,1.0,1.0,0.0,0.0,0.0,0.0,0.0,0.0,0.0,0.0,0.0,1
613,,,,,,"https://pubmed.ncbi.nlm.nih.gov/35779622/&amp;sa=U&amp;ved=2ahUKEwiosJqv0NSBAxWfuZUCHdBeAuoQFnoECAkQAg&amp;usg=AOvVaw3ePdaUqfkBWcKFQAa7W6E6""",Government,,Philippines,0.0,1.0,0.0,0.0,0.0,0.0,1.0,0.0,0.0,0.0,0.0,1
512,,,,,,"https://en.wikipedia.org/wiki/Heat_wave%23Definitions&amp;sa=U&amp;ved=2ahUKEwifndOr0NSBAxXQrZUCHegXCwsQ0gJ6BAgKEAU&amp;usg=AOvVaw2-d6JISuJv7FiaIKRnTxqB""",Government,,Portugal,1.0,1.0,0.0,0.0,0.0,0.0,0.0,0.0,0.0,0.0,0.0,1
590,,,,,,"https://en.wikipedia.org/wiki/Heat_wave%23Other_impacts&amp;sa=U&amp;ved=2ahUKEwifndOr0NSBAxXQrZUCHegXCwsQ0gJ6BAgKEAg&amp;usg=AOvVaw334Z6ts7_OOgnIOKCjBB_s""",Government,,Portugal,1.0,1.0,0.0,0.0,0.0,0.0,0.0,0.0,0.0,0.0,0.0,1
123,"IJ Dwyer, SJE Barry, I Megiddo, CJ White - International journal of …, 2022 - Springer",Evaluations of heat action plans for reducing the health impacts of extreme heat: methodological developments (2012–2021) and remaining challenges,"IJ Dwyer, SJE Barry, I Megiddo, CJ White - International journal of …, 2022 - Springer","IJ Dwyer, SJE Barry, I Megiddo, CJ White - International journal of …, 2022 - Springer",[HTML] springer.com,https://link.springer.com/article/10.1007/s00484-022-02326-x,Academic Journal,"… In this study, we collated evaluations of heat-health action plans that assessed their 
effectiveness in reducing the adverse health outcomes of hot weather extremes. We examined 11 …",Portugal,1.0,1.0,0.0,0.0,0.0,0.0,1.0,0.0,0.0,0.0,0.0,1
163,"A Casanueva, A Burgstall, S Kotlarski… - … and public health, 2019 - mdpi.com",Overview of existing heat-health warning systems in Europe,"A Casanueva, A Burgstall, S Kotlarski… - … and public health, 2019 - mdpi.com","A Casanueva, A Burgstall, S Kotlarski… - … and public health, 2019 - mdpi.com",[PDF] mdpi.com,https://www.mdpi.com/1660-4601/16/15/2657,Academic Journal,"… European heat-health warning systems and heat-health action … heat-health warning systems, 
such as the one currently under development in the framework of the Horizon 2020 HEAT-…",Portugal,1.0,1.0,0.0,0.0,0.0,0.0,1.0,0.0,0.0,0.0,0.0,1
197,"CJ Tomlinson, L Chapman… - … of health …, 2011 - ij-healthgeographics.biomedcentral …","Including the urban heat island in spatial heat health risk assessment strategies: a case study for Birmingham, UK","CJ Tomlinson, L Chapman… - … of health …, 2011 - ij-healthgeographics.biomedcentral …","CJ Tomlinson, L Chapman… - … of health …, 2011 - ij-healthgeographics.biomedcentral …",[HTML] biomedcentral.com,https://ij-healthgeographics.biomedcentral.com/articles/10.1186/1476-072X-10-42,Academic Journal,"… techniques [40, 41] has allowed the spatial extent of the UHI to be measured at a higher 
resolution than previously, and this paper focuses on using this data for heat health risk studies. …",Portugal,1.0,1.0,0.0,0.0,0.0,0.0,0.0,0.0,0.0,0.0,0.0,1
564,,,,,,"https://en.wikipedia.org/wiki/Heat_wave%23Impacts_on_human_health&amp;sa=U&amp;ved=2ahUKEwifndOr0NSBAxXQrZUCHegXCwsQ0gJ6BAgKEAc&amp;usg=AOvVaw2FlAbveXvJtCjRkBbjMVLh""",Government,,Portugal,1.0,1.0,0.0,0.0,0.0,0.0,0.0,0.0,0.0,0.0,0.0,1
220,"A Casanueva, A Burgstall, S Kotlarski… - International journal of …, 2019 - mdpi.com",Overview of existing heat-health warning systems in Europe,"A Casanueva, A Burgstall, S Kotlarski… - International journal of …, 2019 - mdpi.com","A Casanueva, A Burgstall, S Kotlarski… - International journal of …, 2019 - mdpi.com",[PDF] mdpi.com,https://www.mdpi.com/1660-4601/16/15/2657,Academic Journal,"… , describes the heat early warning and heat action for … early warning system and inter-agency 
coordination, (3) capacity building among health care professionals and (4) reducing heat …",Portugal,1.0,1.0,0.0,0.0,0.0,0.0,1.0,0.0,0.0,0.0,0.0,1
294,"A Casanueva, A Burgstall, S Kotlarski… - International journal of …, 2019 - mdpi.com",Overview of existing heat-health warning systems in Europe,"A Casanueva, A Burgstall, S Kotlarski… - International journal of …, 2019 - mdpi.com","A Casanueva, A Burgstall, S Kotlarski… - International journal of …, 2019 - mdpi.com",[PDF] mdpi.com,https://www.mdpi.com/1660-4601/16/15/2657,Academic Journal,"… Here we present a state-of-the-art review of HHWSs and heat-health action plans (HHAPs) 
of 16 countries, based on existing literature, web research and direct contact to National …",Portugal,1.0,1.0,0.0,0.0,0.0,0.0,1.0,0.0,0.0,0.0,0.0,1
538,,,,,,"https://en.wikipedia.org/wiki/Heat_wave%23Causes&amp;sa=U&amp;ved=2ahUKEwifndOr0NSBAxXQrZUCHegXCwsQ0gJ6BAgKEAY&amp;usg=AOvVaw0hA_kzKimtSIS8weSR5EFm""",Government,,Portugal,1.0,1.0,0.0,0.0,0.0,0.0,0.0,0.0,0.0,0.0,0.0,1
240,"A Matzarakis, G Laschewski, S Muthers - Atmosphere, 2020 - mdpi.com",The heat health warning system in Germany—Application and warnings for 2005 to 2019,"A Matzarakis, G Laschewski, S Muthers - Atmosphere, 2020 - mdpi.com","A Matzarakis, G Laschewski, S Muthers - Atmosphere, 2020 - mdpi.com",[PDF] mdpi.com,https://www.mdpi.com/2073-4433/11/2/170,Academic Journal,"… of an advanced procedure known as a “heat health warning system” (HHWS). It is aimed at 
… heat health warning systems as a consequence of the 2003 heat waves. Specific periods of …",Portugal,0.0,1.0,0.0,0.0,0.0,0.0,0.0,0.0,0.0,0.0,0.0,0
353,"A Casanueva, A Burgstall, S Kotlarski… - International journal of …, 2019 - mdpi.com",Overview of existing heat-health warning systems in Europe,"A Casanueva, A Burgstall, S Kotlarski… - International journal of …, 2019 - mdpi.com","A Casanueva, A Burgstall, S Kotlarski… - International journal of …, 2019 - mdpi.com",[PDF] mdpi.com,https://www.mdpi.com/1660-4601/16/15/2657,Academic Journal,"… development of heat-health warning systems and action plans … of 16 European heat-health 
warning systems and heat-health … the way for future heat-health warning systems, such as the …",Portugal,1.0,1.0,0.0,0.0,0.0,0.0,1.0,0.0,0.0,0.0,0.0,1
377,"A Matzarakis, G Laschewski, S Muthers - Atmosphere, 2020 - mdpi.com",The heat health warning system in Germany—Application and warnings for 2005 to 2019,"A Matzarakis, G Laschewski, S Muthers - Atmosphere, 2020 - mdpi.com","A Matzarakis, G Laschewski, S Muthers - Atmosphere, 2020 - mdpi.com",[PDF] mdpi.com,https://www.mdpi.com/2073-4433/11/2/170,Academic Journal,"… and warned by means of an advanced procedure known as a “heat health warning system 
(… European countries have implemented heat health warning systems as a consequence of …",Portugal,0.0,1.0,0.0,0.0,0.0,0.0,0.0,0.0,0.0,0.0,0.0,0
415,"LS Kalkstein, SC Sheridan, AJ Kalkstein - Biometeorology for adaptation …, 2009 - Springer","Heat/health warning systems: development, implementation, and intervention activities","LS Kalkstein, SC Sheridan, AJ Kalkstein - Biometeorology for adaptation …, 2009 - Springer","LS Kalkstein, SC Sheridan, AJ Kalkstein - Biometeorology for adaptation …, 2009 - Springer",[PDF] researchgate.net,https://link.springer.com/chapter/10.1007/978-1-4020-8921-3_3,Academic Journal,"… Kalkstein, LS, 2002: Description of our heat/health watch warning systems: their nature and 
… Kalkstein, LS, 2006: Heat and health: methodological considerations for warning system …",Portugal,1.0,1.0,0.0,0.0,0.0,0.0,0.0,0.0,0.0,0.0,0.0,1
450,"D Lowe, KL Ebi, B Forsberg - … of environmental research and public health, 2011 - mdpi.com",Heatwave early warning systems and adaptation advice to reduce human health consequences of heatwaves,"D Lowe, KL Ebi, B Forsberg - … of environmental research and public health, 2011 - mdpi.com","D Lowe, KL Ebi, B Forsberg - … of environmental research and public health, 2011 - mdpi.com",[PDF] mdpi.com,https://www.mdpi.com/1660-4601/8/12/4623,Academic Journal,"… Within the notification strategies, none of the HEWS present heat health risk information in a 
… options for presenting the risks associated with heat waves. A review of statistical formats [40…",Portugal,1.0,1.0,0.0,0.0,0.0,0.0,0.0,0.0,0.0,0.0,0.0,1
604,,,,,,"https://toolkit.climate.gov/case-studies/developing-early-warning-system-prevent-heat-illness&amp;sa=U&amp;ved=2ahUKEwim9dau0NSBAxV4r5UCHWdHBvgQFnoECAYQAg&amp;usg=AOvVaw2mL_h9Q4FYWJGPB-l2LEL2""",Government,,Puerto Rico,0.0,1.0,0.0,0.0,0.0,0.0,0.0,0.0,0.0,0.0,0.0,0
18,"SE Perkins-Kirkpatrick, PB Gibson - Scientific Reports, 2017 - nature.com",Changes in regional heatwave characteristics as a function of increasing global temperature,"SE Perkins-Kirkpatrick, PB Gibson - Scientific Reports, 2017 - nature.com","SE Perkins-Kirkpatrick, PB Gibson - Scientific Reports, 2017 - nature.com",[HTML] nature.com,https://www.nature.com/articles/s41598-017-12520-2,Academic Journal,"… up to 120 extra heatwave days/season if 5 C is reached. Increases in heatwave intensity are 
… Between warming thresholds of 1.5 C and 2.5 C, the return intervals of intense heatwaves …",Russia,1.0,1.0,0.0,0.0,0.0,0.0,0.0,0.0,0.0,0.0,0.0,1
44,"SE Perkins-Kirkpatrick, SC Lewis - Nature communications, 2020 - nature.com",Increasing trends in regional heatwaves,"SE Perkins-Kirkpatrick, SC Lewis - Nature communications, 2020 - nature.com","SE Perkins-Kirkpatrick, SC Lewis - Nature communications, 2020 - nature.com",[HTML] nature.comFull View,https://www.nature.com/articles/s41467-020-16970-7,Academic Journal,"… temperature dataset and key heatwave metrics, we systematically examine regional and 
global observed heatwave trends. In almost all regions, heatwave frequency demonstrates the …",Russia,1.0,1.0,0.0,0.0,0.0,0.0,0.0,0.0,0.0,0.0,0.0,1
606,,,,,,"https://toolkit.climate.gov/case-studies/developing-early-warning-system-prevent-heat-illness&amp;sa=U&amp;ved=2ahUKEwim9dau0NSBAxV4r5UCHWdHBvgQFnoECAYQAg&amp;usg=AOvVaw2mL_h9Q4FYWJGPB-l2LEL2""",Government,,Samoa,0.0,1.0,0.0,0.0,0.0,0.0,0.0,0.0,0.0,0.0,0.0,0
486,"Y Chae, J Park - … Journal of Environmental Research and Public Health, 2021 - mdpi.com","Analysis on effectiveness of impact based heatwave warning considering severity and likelihood of health impacts in Seoul, Korea","Y Chae, J Park - … Journal of Environmental Research and Public Health, 2021 - mdpi.com","Y Chae, J Park - … Journal of Environmental Research and Public Health, 2021 - mdpi.com",[PDF] mdpi.com,https://www.mdpi.com/1660-4601/18/5/2380,Academic Journal,"… Some studies have shown that excess mortality from heat waves in London increased 
dramatically at about 19 C [30,31]. Emergency department visits (2011~2013) in Shanghai, China …",South Korea,1.0,1.0,0.0,0.0,0.0,0.0,0.0,0.0,0.0,0.0,0.0,1
259,"R Lowe, M García-Díez, J Ballester, J Creswick… - International journal of …, 2016 - mdpi.com",Evaluation of an early-warning system for heat wave-related mortality in Europe: Implications for sub-seasonal to seasonal forecasting and climate services,"R Lowe, M García-Díez, J Ballester, J Creswick… - International journal of …, 2016 - mdpi.com","R Lowe, M García-Díez, J Ballester, J Creswick… - International journal of …, 2016 - mdpi.com",[PDF] mdpi.com,https://www.mdpi.com/1660-4601/13/2/206,Academic Journal,"… climate-resilient health systems. A HHAP relies on early-warning systems for timely activation 
… These results are promising for the development of more localised early warning systems. …",Taiwan,1.0,1.0,0.0,0.0,0.0,0.0,1.0,0.0,0.0,0.0,0.0,1
489,"Y Chae, J Park - … Journal of Environmental Research and Public Health, 2021 - mdpi.com","Analysis on effectiveness of impact based heatwave warning considering severity and likelihood of health impacts in Seoul, Korea","Y Chae, J Park - … Journal of Environmental Research and Public Health, 2021 - mdpi.com","Y Chae, J Park - … Journal of Environmental Research and Public Health, 2021 - mdpi.com",[PDF] mdpi.com,https://www.mdpi.com/1660-4601/18/5/2380,Academic Journal,"… Some studies have shown that excess mortality from heat waves in London increased 
dramatically at about 19 C [30,31]. Emergency department visits (2011~2013) in Shanghai, China …",Tanzania,1.0,1.0,0.0,0.0,0.0,0.0,0.0,0.0,0.0,0.0,0.0,1
324,"HC Çulpan, Ü Şahin, G Can - Atmosphere, 2022 - mdpi.com",A Step to Develop Heat-Health Action Plan: Assessing Heat Waves' Impacts on Mortality,"HC Çulpan, Ü Şahin, G Can - Atmosphere, 2022 - mdpi.com","HC Çulpan, Ü Şahin, G Can - Atmosphere, 2022 - mdpi.com",[HTML] mdpi.com,https://www.mdpi.com/2073-4433/13/12/2126,Academic Journal,"… the implementation of Heat-Health Action Plans, which … the health system, and improvements 
in urban planning [15]. … Therefore, there is a need for local and national action plans …",Turkey,1.0,1.0,0.0,0.0,0.0,0.0,1.0,0.0,0.0,0.0,0.0,1
425,"SJ Barbeaux, K Holsman, S Zador - Frontiers in Marine Science, 2020 - frontiersin.org",Marine heatwave stress test of ecosystem-based fisheries management in the Gulf of Alaska Pacific cod fishery,"SJ Barbeaux, K Holsman, S Zador - Frontiers in Marine Science, 2020 - frontiersin.org","SJ Barbeaux, K Holsman, S Zador - Frontiers in Marine Science, 2020 - frontiersin.org",[HTML] frontiersin.org,https://www.frontiersin.org/articles/10.3389/fmars.2020.00703/full,Academic Journal,"… with ecosystem-based fisheries management in the context of … management system in the 
North Pacific handled this shock. We also provide suggestions on how fisheries management …",United Kingdom,1.0,1.0,0.0,0.0,0.0,0.0,0.0,0.0,0.0,0.0,0.0,1
524,,,,,,"https://en.wikipedia.org/wiki/Heat_wave%23Causes&amp;sa=U&amp;ved=2ahUKEwifndOr0NSBAxXQrZUCHegXCwsQ0gJ6BAgKEAY&amp;usg=AOvVaw0hA_kzKimtSIS8weSR5EFm""",Government,,United Kingdom,1.0,1.0,0.0,0.0,0.0,0.0,0.0,0.0,0.0,0.0,0.0,1
116,"IJ Dwyer, SJE Barry, I Megiddo, CJ White - International journal of …, 2022 - Springer",Evaluations of heat action plans for reducing the health impacts of extreme heat: methodological developments (2012–2021) and remaining challenges,"IJ Dwyer, SJE Barry, I Megiddo, CJ White - International journal of …, 2022 - Springer","IJ Dwyer, SJE Barry, I Megiddo, CJ White - International journal of …, 2022 - Springer",[HTML] springer.com,https://link.springer.com/article/10.1007/s00484-022-02326-x,Academic Journal,"… In this study, we collated evaluations of heat-health action plans that assessed their 
effectiveness in reducing the adverse health outcomes of hot weather extremes. We examined 11 …",United Kingdom,1.0,1.0,0.0,0.0,0.0,0.0,1.0,0.0,0.0,0.0,0.0,1
498,,,,,,"https://en.wikipedia.org/wiki/Heat_wave%23Definitions&amp;sa=U&amp;ved=2ahUKEwifndOr0NSBAxXQrZUCHegXCwsQ0gJ6BAgKEAU&amp;usg=AOvVaw2-d6JISuJv7FiaIKRnTxqB""",Government,,United Kingdom,1.0,1.0,0.0,0.0,0.0,0.0,0.0,0.0,0.0,0.0,0.0,1
36,"SE Perkins-Kirkpatrick, SC Lewis - Nature communications, 2020 - nature.com",Increasing trends in regional heatwaves,"SE Perkins-Kirkpatrick, SC Lewis - Nature communications, 2020 - nature.com","SE Perkins-Kirkpatrick, SC Lewis - Nature communications, 2020 - nature.com",[HTML] nature.comFull View,https://www.nature.com/articles/s41467-020-16970-7,Academic Journal,"… temperature dataset and key heatwave metrics, we systematically examine regional and 
global observed heatwave trends. In almost all regions, heatwave frequency demonstrates the …",United Kingdom,1.0,1.0,0.0,0.0,0.0,0.0,0.0,0.0,0.0,0.0,0.0,1
250,"R Lowe, M García-Díez, J Ballester, J Creswick… - International journal of …, 2016 - mdpi.com",Evaluation of an early-warning system for heat wave-related mortality in Europe: Implications for sub-seasonal to seasonal forecasting and climate services,"R Lowe, M García-Díez, J Ballester, J Creswick… - International journal of …, 2016 - mdpi.com","R Lowe, M García-Díez, J Ballester, J Creswick… - International journal of …, 2016 - mdpi.com",[PDF] mdpi.com,https://www.mdpi.com/1660-4601/13/2/206,Academic Journal,"… climate-resilient health systems. A HHAP relies on early-warning systems for timely activation 
… These results are promising for the development of more localised early warning systems. …",United Kingdom,1.0,1.0,0.0,0.0,0.0,0.0,1.0,0.0,0.0,0.0,0.0,1
305,"HC Ho, K Lau, C Ren, D Wang - Environmental Science and Pollution …, 2022 - Springer",Systematic identification of heat events associated with emergency admissions to enhance the heat-health action plan in a subtropical city: a data-driven approach,"HC Ho, K Lau, C Ren, D Wang - Environmental Science and Pollution …, 2022 - Springer","HC Ho, K Lau, C Ren, D Wang - Environmental Science and Pollution …, 2022 - Springer",[PDF] cuhk.edu.hk,https://link.springer.com/article/10.1007/s11356-022-21963-8,Academic Journal,"… Reduction (UNDRR), a heat-health action plan should address various impacts of hazards 
… ) in Hong Kong in order to enhance the heat-health action plan. Immediate, short-term, and …",United Kingdom,1.0,1.0,0.0,0.0,0.0,0.0,1.0,0.0,1.0,0.0,0.0,0
13,"SE Perkins-Kirkpatrick, PB Gibson - Scientific Reports, 2017 - nature.com",Changes in regional heatwave characteristics as a function of increasing global temperature,"SE Perkins-Kirkpatrick, PB Gibson - Scientific Reports, 2017 - nature.com","SE Perkins-Kirkpatrick, PB Gibson - Scientific Reports, 2017 - nature.com",[HTML] nature.com,https://www.nature.com/articles/s41598-017-12520-2,Academic Journal,"… up to 120 extra heatwave days/season if 5 C is reached. Increases in heatwave intensity are 
… Between warming thresholds of 1.5 C and 2.5 C, the return intervals of intense heatwaves …",United Kingdom,1.0,1.0,0.0,0.0,0.0,0.0,0.0,0.0,0.0,0.0,0.0,1
550,,,,,,"https://en.wikipedia.org/wiki/Heat_wave%23Impacts_on_human_health&amp;sa=U&amp;ved=2ahUKEwifndOr0NSBAxXQrZUCHegXCwsQ0gJ6BAgKEAc&amp;usg=AOvVaw2FlAbveXvJtCjRkBbjMVLh""",Government,,United Kingdom,1.0,1.0,0.0,0.0,0.0,0.0,0.0,0.0,0.0,0.0,0.0,1
576,,,,,,"https://en.wikipedia.org/wiki/Heat_wave%23Other_impacts&amp;sa=U&amp;ved=2ahUKEwifndOr0NSBAxXQrZUCHegXCwsQ0gJ6BAgKEAg&amp;usg=AOvVaw334Z6ts7_OOgnIOKCjBB_s""",Government,,United Kingdom,1.0,1.0,0.0,0.0,0.0,0.0,0.0,0.0,0.0,0.0,0.0,1
190,"CJ Tomlinson, L Chapman… - … of health …, 2011 - ij-healthgeographics.biomedcentral …","Including the urban heat island in spatial heat health risk assessment strategies: a case study for Birmingham, UK","CJ Tomlinson, L Chapman… - … of health …, 2011 - ij-healthgeographics.biomedcentral …","CJ Tomlinson, L Chapman… - … of health …, 2011 - ij-healthgeographics.biomedcentral …",[HTML] biomedcentral.com,https://ij-healthgeographics.biomedcentral.com/articles/10.1186/1476-072X-10-42,Academic Journal,"… techniques [40, 41] has allowed the spatial extent of the UHI to be measured at a higher 
resolution than previously, and this paper focuses on using this data for heat health risk studies. …",United Kingdom,1.0,1.0,0.0,0.0,0.0,0.0,0.0,0.0,0.0,0.0,0.0,1
